usn,2022-11-12,2022-11-13,2022-11-14,2022-11-15,2022-11-16,2022-11-17,2022-11-18,2022-11-19,2022-11-20,2022-11-21,month1,2022-11-28,2022-11-29,2022-11-30,2022-12-01,2022-12-02,2022-12-03,2022-12-04,2022-12-05,2022-12-06,2022-12-07,month2,2022-12-14,2022-12-15,2022-12-16,2022-12-17,2022-12-18,2022-12-19,2022-12-20,2022-12-21,2022-12-22,2022-12-23,month3,exam
1DS19CS001,1,1,1,1,1,1,1,1,0,0,80,1,1,1,0,0,0,1,0,1,1,60,1,1,1,0,0,1,1,1,1,1,80,1
1DS19CS002,1,1,1,1,1,1,1,1,1,1,100,0,0,0,1,1,1,0,1,1,0,50,1,1,0,0,1,1,1,1,1,1,80,0
1DS19CS003,1,1,1,0,0,1,1,1,0,0,60,1,1,1,0,0,1,0,1,0,0,50,0,1,0,0,0,1,0,1,0,0,30,1
1DS19CS004,1,1,1,1,1,0,1,0,1,1,80,1,1,1,0,1,1,1,0,1,0,70,1,1,0,0,1,1,0,0,0,1,50,1
1DS19CS005,1,1,0,1,1,1,0,1,1,1,80,1,1,1,0,1,1,0,0,0,1,60,1,1,0,1,0,1,1,1,0,1,70,1
1DS19CS006,1,0,1,0,0,0,0,1,1,0,40,0,0,1,1,1,0,0,1,1,1,60,1,1,1,0,1,1,1,1,1,1,90,0
1DS19CS007,1,0,0,0,0,0,0,1,1,1,40,1,1,1,1,0,1,1,0,1,1,80,1,0,1,1,1,1,1,0,1,0,70,0
1DS19CS008,1,1,1,1,1,1,1,0,0,1,80,1,1,1,1,1,0,1,1,0,1,80,1,0,1,0,0,1,0,1,1,1,60,1
1DS19CS009,1,0,0,1,0,0,1,1,1,0,50,0,0,0,1,1,0,1,0,1,1,50,1,1,1,1,0,0,0,1,1,0,60,0
1DS19CS010,1,0,1,1,1,1,1,1,0,0,70,0,1,0,1,1,1,0,1,0,1,60,1,0,0,1,0,1,1,0,1,1,60,0
1DS19CS011,1,1,1,1,0,1,0,0,1,1,70,0,1,1,1,1,1,0,1,0,1,70,1,0,1,1,1,1,1,1,1,0,80,1
1DS19CS012,0,1,1,1,1,1,1,1,1,1,90,0,1,1,0,1,1,1,0,1,1,70,1,1,1,1,1,1,0,0,0,1,70,0
1DS19CS013,0,1,0,1,0,1,1,1,1,1,70,0,1,0,0,1,1,1,0,1,1,60,1,1,0,1,0,1,1,1,1,1,80,0
1DS19CS014,1,1,1,0,0,0,1,0,1,1,60,1,1,1,1,1,1,1,1,1,0,90,1,1,1,0,1,0,1,1,1,0,70,1
1DS19CS015,1,1,1,1,0,1,0,1,1,1,80,1,1,1,0,0,1,1,0,1,1,70,1,1,1,1,0,0,1,0,0,1,60,1
1DS19CS016,0,1,1,1,1,1,1,1,1,1,90,1,0,0,0,0,0,1,1,1,1,50,0,0,1,1,0,0,1,0,1,0,40,0
1DS19CS017,1,1,1,1,1,1,1,0,1,1,90,0,0,1,0,0,1,1,0,1,1,50,1,1,1,0,1,1,0,1,1,1,80,0
1DS19CS018,1,0,1,1,1,1,1,1,1,1,90,1,1,1,0,1,1,1,1,1,1,90,0,1,1,0,0,1,1,1,1,0,60,1
1DS19CS019,0,0,1,1,0,1,1,1,1,1,70,1,0,1,0,1,0,0,0,1,1,50,1,1,1,0,1,1,1,1,1,1,90,1
1DS19CS020,1,0,1,1,1,0,0,1,0,1,60,0,1,1,1,1,0,1,1,1,0,70,0,1,0,1,1,0,1,1,1,1,70,1
1DS19CS021,1,0,1,1,0,1,0,0,0,0,40,1,0,1,1,0,1,0,1,0,1,60,0,0,0,0,1,1,1,0,1,0,40,1
1DS19CS022,0,1,0,1,1,0,0,0,1,1,50,0,0,1,1,1,0,0,1,1,1,60,1,1,1,1,0,1,1,0,0,1,70,0
1DS19CS023,0,1,1,1,0,1,0,1,0,1,60,1,0,1,1,1,1,1,1,0,0,70,1,1,1,1,1,1,0,1,1,1,90,0
1DS19CS024,1,1,1,0,0,0,1,1,0,0,50,0,1,1,1,0,0,1,1,1,0,60,1,0,1,1,1,1,1,1,1,0,80,0
1DS19CS025,1,0,0,1,1,0,1,1,1,1,70,1,0,0,0,1,0,0,1,1,1,50,1,1,1,0,0,1,1,1,1,0,70,1
1DS19CS026,0,1,0,1,0,1,0,1,1,0,50,0,0,1,1,0,1,1,0,1,1,60,1,1,1,1,1,1,0,0,0,1,70,1
1DS19CS027,1,1,0,0,1,1,0,1,1,1,70,0,1,1,0,0,1,0,1,1,1,60,1,1,1,1,0,1,1,1,0,1,80,1
1DS19CS028,0,0,1,1,0,1,1,1,1,0,60,1,1,0,0,0,0,1,1,1,0,50,1,0,0,0,1,1,1,1,1,1,70,1
1DS19CS029,1,1,1,1,1,1,1,1,1,1,100,0,1,1,1,1,1,1,1,1,1,90,1,1,0,1,1,0,1,1,1,1,80,1
1DS19CS030,1,1,1,0,1,1,0,0,0,0,50,1,1,1,0,0,1,1,1,1,1,80,0,0,1,1,1,1,0,1,1,1,70,0
1DS19CS031,0,0,0,0,0,1,1,1,1,0,40,1,1,1,1,1,1,0,0,0,0,60,1,1,1,0,1,0,0,1,1,1,70,0
1DS19CS032,0,0,1,1,1,1,1,0,1,1,70,1,0,1,1,0,1,1,1,0,1,70,0,1,0,1,1,1,0,1,0,1,60,1
1DS19CS033,1,0,0,0,0,1,0,1,0,1,40,0,1,1,1,1,0,1,1,1,1,80,0,1,1,0,0,1,1,0,0,0,40,1
1DS19CS034,1,0,1,0,0,0,1,1,1,0,50,1,1,0,1,0,1,1,1,1,0,70,1,1,1,0,1,0,0,0,1,1,60,1
1DS19CS035,1,1,1,0,1,1,1,1,1,1,90,1,1,1,0,1,0,0,1,1,1,70,1,0,1,1,0,0,0,1,1,1,60,0
1DS19CS036,1,1,0,0,0,1,1,1,1,1,70,0,1,1,0,1,0,1,0,1,1,60,1,0,1,1,1,0,0,0,1,1,60,1
1DS19CS037,0,1,0,1,1,1,0,0,1,0,50,1,1,0,1,1,0,1,1,1,1,80,0,1,1,0,1,1,1,0,1,1,70,0
1DS19CS038,0,1,1,1,1,0,0,0,1,1,60,1,1,1,1,1,1,1,1,0,1,90,1,0,0,0,1,0,0,1,0,1,40,1
1DS19CS039,1,0,1,0,1,1,1,1,0,1,70,0,1,1,1,1,1,1,1,0,0,70,1,1,0,1,0,0,1,0,0,1,50,0
1DS19CS040,1,0,1,0,1,1,0,1,1,1,70,1,0,0,1,1,0,1,1,0,1,60,1,1,1,1,1,1,1,1,0,0,80,0
1DS19CS041,1,0,1,0,1,0,1,1,1,1,70,1,1,1,0,1,1,1,1,1,1,90,0,1,0,1,1,1,0,1,1,1,70,0
1DS19CS042,1,1,0,0,1,0,0,1,1,0,50,0,0,0,0,1,1,1,0,1,1,50,1,0,1,0,0,1,1,1,1,1,70,1
1DS19CS043,0,0,0,1,1,1,0,0,0,1,40,1,1,1,1,1,1,0,0,0,0,60,1,0,1,0,1,0,0,1,1,1,60,0
1DS19CS044,0,1,0,1,0,1,0,0,1,1,50,0,1,0,1,1,0,1,1,0,1,60,1,1,0,1,0,1,1,1,0,1,70,0
1DS19CS045,1,1,0,0,0,1,0,1,1,1,60,1,0,1,0,0,1,1,0,0,1,50,1,0,1,1,1,1,0,1,0,1,70,1
1DS19CS046,0,1,0,1,0,0,1,0,0,1,40,1,1,0,0,1,1,1,0,1,0,60,0,1,1,0,0,1,0,0,0,1,40,1
1DS19CS047,1,0,0,1,1,1,1,1,0,1,70,0,1,1,1,0,1,1,1,0,0,60,0,1,1,1,1,1,1,1,1,1,90,1
1DS19CS048,0,1,1,0,1,1,1,1,1,0,70,1,1,0,1,1,0,1,1,1,0,70,0,1,0,1,1,1,0,1,1,1,70,1
1DS19CS049,1,1,1,0,1,1,0,1,0,0,60,1,0,1,1,1,0,1,1,1,1,80,1,1,0,1,1,0,0,1,0,1,60,1
1DS19CS050,1,1,0,0,0,1,0,1,1,1,60,0,0,0,1,1,1,1,0,0,1,50,0,0,1,0,1,0,0,1,1,1,50,0
1DS19CS051,1,1,0,1,1,0,1,1,0,1,70,1,0,1,1,1,1,1,1,1,1,90,0,0,1,1,1,1,0,1,0,1,60,0
1DS19CS052,1,1,0,1,1,1,1,1,1,1,90,1,1,0,1,1,0,0,1,1,0,60,0,1,1,0,1,0,0,1,0,1,50,0
1DS19CS053,0,0,1,1,1,0,1,0,1,0,50,1,1,1,0,1,0,0,0,1,1,60,0,0,1,1,0,1,1,0,1,0,50,0
1DS19CS054,1,1,0,1,1,1,1,1,0,1,80,1,0,0,1,1,0,1,1,1,0,60,0,1,1,1,1,1,1,1,0,0,70,1
1DS19CS055,0,0,1,1,0,0,1,0,1,1,50,0,0,1,1,0,1,1,0,1,0,50,0,1,0,1,1,1,0,0,1,1,60,1
1DS19CS056,1,0,0,0,1,1,1,1,0,1,60,1,0,1,1,1,1,0,0,1,1,70,0,1,0,1,1,1,1,1,1,1,80,1
1DS19CS057,1,1,1,0,1,0,1,1,0,0,60,1,1,0,0,1,1,1,1,1,1,80,1,1,1,1,0,1,0,1,0,1,70,1
1DS19CS058,1,0,1,1,1,0,1,1,1,0,70,1,1,0,1,1,1,0,1,0,0,60,0,0,1,0,1,1,1,0,1,1,60,1
1DS19CS059,1,1,0,1,1,0,1,1,1,1,80,1,0,0,0,0,0,0,0,1,1,30,1,0,0,1,0,1,1,1,1,0,60,1
1DS19CS060,1,1,0,1,1,0,0,0,1,1,60,1,1,1,1,1,1,1,0,0,1,80,0,1,1,0,1,0,1,0,1,1,60,1
1DS19CS061,1,1,1,1,0,1,1,1,1,1,90,1,1,1,1,0,1,1,1,0,0,70,0,1,0,1,1,1,0,0,1,1,60,1
1DS19CS062,1,1,1,1,0,1,1,0,1,1,80,1,1,1,1,1,0,1,0,1,0,70,0,1,0,1,1,0,1,1,1,1,70,1
1DS19CS063,1,0,1,1,0,0,1,1,1,0,60,0,0,1,1,1,1,0,1,1,1,70,0,1,1,1,1,1,1,1,1,1,90,1
1DS19CS064,1,0,1,1,0,1,1,1,1,1,80,1,0,1,0,0,1,1,0,1,1,60,1,1,1,0,1,1,1,1,0,1,80,1
1DS19CS065,1,1,1,1,1,0,0,1,0,0,60,0,1,1,1,1,0,1,1,1,0,70,0,0,1,1,1,1,1,0,0,1,60,0
1DS19CS066,0,1,1,1,1,1,1,1,1,1,90,1,1,1,1,1,1,1,0,0,1,80,1,1,1,1,0,0,0,1,0,1,60,1
1DS19CS067,0,1,1,1,1,1,1,1,1,0,80,1,1,1,1,1,1,1,1,1,1,100,1,1,1,0,1,0,0,1,0,1,60,1
1DS19CS068,1,1,1,0,0,1,1,1,0,0,60,0,0,0,0,0,1,0,1,1,1,40,1,0,0,1,1,0,1,0,1,1,60,1
1DS19CS069,1,1,1,1,1,0,1,1,1,0,80,1,1,1,1,1,0,1,1,1,0,80,1,1,1,1,0,1,1,0,0,0,60,1
1DS19CS070,0,1,0,1,0,1,1,0,0,0,40,1,1,0,0,1,0,1,1,1,1,70,1,0,1,1,1,1,1,1,1,0,80,1
1DS19CS071,1,1,0,1,0,1,1,1,1,0,70,1,1,1,1,0,0,0,1,0,1,60,1,1,1,1,0,1,1,1,1,0,80,1
1DS19CS072,1,0,0,1,1,1,1,0,1,0,60,0,0,1,0,0,1,1,1,1,0,50,1,1,1,1,1,1,1,1,0,1,90,0
1DS19CS073,0,1,1,1,1,1,0,0,1,0,60,0,1,0,1,1,1,1,0,0,0,50,1,0,0,0,1,1,0,0,0,1,40,1
1DS19CS074,1,0,1,1,1,1,1,0,0,0,60,0,0,1,1,1,1,0,1,1,1,70,1,1,0,0,0,1,0,1,1,1,60,1
1DS19CS075,1,0,0,0,0,1,1,1,0,0,40,1,1,1,1,0,1,0,1,1,1,80,1,1,1,0,1,0,0,1,0,1,60,0
1DS19CS076,1,1,1,1,1,1,1,1,1,1,100,1,1,1,0,1,0,0,1,1,1,70,0,0,1,1,1,0,0,1,1,1,60,1
1DS19CS077,0,1,0,1,1,0,1,1,1,0,60,1,0,1,1,0,0,1,1,1,0,60,1,1,1,1,0,1,0,1,1,0,70,0
1DS19CS078,1,1,0,1,1,1,1,1,0,0,70,0,1,1,1,1,1,0,1,0,1,70,1,0,0,1,1,1,0,1,0,1,60,1
1DS19CS079,1,1,1,1,1,1,0,1,1,1,90,1,1,1,1,1,1,1,0,1,0,80,1,1,1,1,0,1,0,1,1,1,80,1
1DS19CS080,0,1,1,1,0,0,1,1,1,0,60,1,1,0,1,0,1,1,1,1,0,70,1,1,1,1,1,0,1,0,0,1,70,0
1DS19CS081,1,0,1,1,1,0,1,1,1,1,80,1,1,1,1,0,1,1,0,1,0,70,1,1,0,1,1,1,0,0,1,0,60,0
1DS19CS082,0,1,1,1,1,1,1,0,1,1,80,1,1,1,1,1,0,0,0,1,1,70,1,1,1,1,1,1,1,0,1,1,90,1
1DS19CS083,0,0,1,1,0,1,0,0,1,0,40,1,0,0,1,0,0,1,0,1,0,40,0,1,0,0,0,1,0,0,1,1,40,0
1DS19CS084,0,0,1,1,0,1,1,0,1,1,60,0,1,1,1,1,0,1,1,1,0,70,0,0,0,1,0,1,1,0,1,1,50,1
1DS19CS085,1,1,1,1,1,0,1,0,1,1,80,1,0,1,1,0,1,0,0,1,1,60,0,0,0,1,1,1,1,1,1,0,60,1
1DS19CS086,1,1,1,1,1,1,1,1,1,0,90,0,1,1,1,0,0,1,1,1,1,70,1,0,1,0,1,1,1,0,1,0,60,1
1DS19CS087,0,0,1,1,1,1,0,1,1,1,70,0,0,0,0,0,0,1,1,1,1,40,1,1,1,0,1,0,0,1,1,1,70,0
1DS19CS088,0,1,1,1,1,0,0,1,0,0,50,1,1,0,1,1,1,0,1,1,1,80,1,1,1,1,1,1,0,1,1,1,90,1
1DS19CS089,0,0,1,1,1,0,1,0,1,1,60,1,1,1,1,0,0,1,0,0,1,60,0,0,1,0,1,1,1,1,1,0,60,1
1DS19CS090,1,1,1,1,0,1,1,0,0,0,60,1,0,0,1,0,0,1,1,1,1,60,1,1,1,1,1,1,1,1,1,1,100,0
1DS19CS091,1,0,0,1,1,0,1,0,1,1,60,1,0,0,1,0,0,1,1,1,1,60,1,1,1,1,1,1,1,1,1,1,100,1
1DS19CS092,1,1,1,1,0,0,0,0,1,1,60,0,1,1,1,1,1,1,1,1,1,90,0,1,0,0,0,0,1,0,1,0,30,0
1DS19CS093,1,0,0,0,1,1,1,0,1,0,50,1,0,0,1,0,1,1,1,1,1,70,1,1,0,0,0,1,1,0,1,0,50,1
1DS19CS094,1,0,1,0,0,0,1,1,0,1,50,0,1,1,1,0,1,1,1,1,1,80,1,1,1,0,0,0,1,1,1,1,70,1
1DS19CS095,1,1,1,0,1,1,1,0,1,0,70,1,1,0,0,1,1,0,1,0,0,50,1,1,0,1,0,1,1,0,1,1,70,1
1DS19CS096,0,0,0,0,1,1,1,1,1,1,60,1,1,1,0,0,0,1,1,1,1,70,0,1,1,1,1,1,1,1,1,0,80,0
1DS19CS097,1,1,0,1,1,1,1,0,0,1,70,0,1,0,1,1,1,1,1,0,0,60,1,0,1,0,1,1,1,1,1,1,80,1
1DS19CS098,1,0,1,1,1,0,1,1,0,1,70,1,1,1,1,1,1,1,1,1,1,100,0,0,1,1,0,1,1,1,0,0,50,1
1DS19CS099,1,0,0,1,1,1,1,1,1,0,70,1,0,1,1,0,0,1,1,1,1,70,0,1,1,0,1,1,0,0,1,0,50,1
1DS19CS100,0,1,0,1,1,0,0,1,1,1,60,0,0,1,1,0,1,1,1,0,1,60,1,0,1,1,1,0,1,1,1,1,80,1
1DS19CS101,0,1,1,0,0,1,1,1,1,1,70,1,1,1,1,1,1,0,1,1,1,90,1,1,1,1,1,1,1,1,1,0,90,1
1DS19CS102,1,1,1,1,1,1,1,1,1,1,100,1,1,1,0,1,1,0,1,0,0,60,1,1,0,1,1,1,0,0,1,1,70,1
1DS19CS103,1,0,1,0,1,1,1,0,0,1,60,1,1,0,1,1,1,1,1,1,1,90,1,0,1,1,0,0,0,0,1,0,40,0
1DS19CS104,1,0,1,1,0,0,1,1,1,1,70,1,0,1,1,1,0,1,1,0,0,60,1,0,1,1,1,1,1,0,0,1,70,1
1DS19CS105,1,1,1,1,0,1,0,1,1,0,70,1,1,1,0,0,0,1,1,1,1,70,1,1,0,1,1,1,0,0,0,0,50,0
1DS19CS106,0,1,0,1,1,1,1,1,0,0,60,1,1,1,1,1,1,1,1,1,0,90,0,1,1,1,1,1,1,1,0,1,80,0
1DS19CS107,1,1,0,1,0,1,1,0,0,0,50,1,0,1,1,1,1,0,1,1,1,80,0,1,0,1,0,0,0,1,1,1,50,0
1DS19CS108,1,0,1,1,1,0,0,1,1,1,70,1,1,1,1,1,1,0,0,1,1,80,1,0,1,1,0,1,1,1,0,1,70,1
1DS19CS109,1,1,0,1,1,1,1,0,1,0,70,1,0,0,0,0,0,1,1,0,1,40,1,0,1,1,0,1,1,1,1,1,80,0
1DS19CS110,1,1,0,0,1,1,1,1,1,0,70,1,1,1,0,0,1,1,0,1,0,60,1,1,1,1,1,1,1,1,1,1,100,1
1DS19CS111,0,0,1,1,1,1,0,0,1,0,50,1,0,1,1,1,0,1,0,1,0,60,1,1,0,1,1,1,1,0,1,1,80,1
1DS19CS112,0,0,1,1,0,1,1,0,1,1,60,1,1,1,1,1,1,0,0,1,0,70,0,0,1,0,1,1,1,0,1,1,60,0
1DS19CS113,1,1,1,0,1,0,0,1,0,1,60,0,1,1,1,1,0,1,1,0,1,70,1,0,0,0,1,0,0,0,1,1,40,1
1DS19CS114,1,1,1,0,1,0,0,1,1,1,70,0,0,1,1,1,0,1,0,1,0,50,0,0,1,1,0,0,0,1,1,1,50,0
1DS19CS115,1,1,1,1,0,0,1,0,1,1,70,1,1,0,1,1,1,1,0,1,1,80,1,1,1,0,0,1,1,0,0,1,60,0
1DS19CS116,1,1,0,1,0,0,1,1,0,0,50,1,1,1,1,1,1,1,0,1,0,80,1,0,0,1,1,0,1,1,0,0,50,1
1DS19CS117,1,0,0,1,1,1,0,0,0,1,50,0,1,1,1,0,0,1,1,1,1,70,1,0,1,1,1,1,1,1,1,1,90,1
1DS19CS118,1,0,1,1,1,1,1,1,0,1,80,0,1,1,1,1,0,1,0,0,1,60,1,1,0,0,0,1,1,1,0,0,50,1
1DS19CS119,0,1,1,1,1,1,0,0,1,1,70,1,1,1,1,1,1,1,1,1,1,100,1,0,0,1,1,0,1,1,0,0,50,0
1DS19CS120,0,1,1,1,1,1,1,0,1,0,70,0,0,1,0,0,1,1,1,0,1,50,1,1,1,1,1,0,1,1,1,1,90,1
1DS19CS121,0,1,0,1,1,0,0,1,1,1,60,1,0,1,1,1,1,1,1,0,1,80,0,1,0,1,1,0,1,1,1,1,70,1
1DS19CS122,1,0,1,1,1,1,1,1,0,0,70,1,1,0,0,1,1,1,0,1,0,60,0,0,1,1,1,1,0,0,1,0,50,1
1DS19CS123,0,1,1,1,1,1,1,0,1,0,70,0,1,1,0,0,0,1,1,1,1,60,0,1,1,1,1,1,1,1,1,0,80,1
1DS19CS124,1,1,0,1,0,1,1,1,1,1,80,0,1,1,0,0,1,1,1,1,1,70,1,1,1,1,0,1,1,1,0,0,70,1
1DS19CS125,1,0,1,1,1,0,0,0,1,0,50,1,1,0,1,0,1,1,1,1,1,80,0,1,1,1,1,1,1,0,1,0,70,1
1DS19CS126,1,1,1,1,0,1,1,0,1,0,70,0,1,1,1,0,1,1,1,1,1,80,1,0,0,1,1,1,0,1,1,1,70,0
1DS19CS127,1,1,0,1,1,1,1,1,0,0,70,0,0,0,1,1,1,0,1,1,1,60,1,0,1,0,1,1,1,1,0,1,70,1
1DS19CS128,1,0,0,1,1,1,1,0,0,1,60,1,0,1,1,0,0,1,1,0,0,50,0,0,0,0,1,0,0,0,1,0,20,1
1DS19CS129,0,1,1,0,1,1,1,1,0,1,70,0,1,1,0,1,1,0,1,1,0,60,0,1,0,1,1,0,1,1,0,0,50,1
1DS19CS130,1,0,1,1,0,1,1,1,1,0,70,1,1,1,1,1,1,0,0,1,1,80,1,0,0,0,0,0,1,1,1,1,50,1
1DS19CS131,0,0,0,1,0,0,1,1,0,1,40,1,1,0,0,1,1,1,1,1,0,70,1,1,1,0,0,0,1,0,1,1,60,0
1DS19CS132,1,1,0,1,1,1,1,1,1,1,90,1,1,1,0,0,1,0,1,0,0,50,1,0,1,1,1,1,0,1,0,1,70,1
1DS19CS133,1,1,1,0,0,1,1,1,1,1,80,0,0,1,1,1,1,1,1,0,0,60,1,1,0,1,1,1,0,0,1,0,60,0
1DS19CS134,1,1,1,1,1,0,1,0,1,0,70,1,0,0,0,1,1,1,0,1,1,60,0,0,1,1,0,1,1,1,1,1,70,1
1DS19CS135,0,1,0,0,0,0,1,1,1,1,50,0,1,1,1,0,1,1,0,1,0,60,1,1,0,0,1,1,1,1,1,1,80,1
1DS19CS136,1,1,0,1,1,0,0,0,1,1,60,1,1,0,1,1,1,1,1,1,1,90,0,0,1,0,0,1,1,1,1,0,50,1
1DS19CS137,1,1,0,0,1,0,0,1,0,0,40,1,0,1,1,1,1,0,1,0,0,60,0,0,0,1,1,1,0,1,1,1,60,0
1DS19CS138,1,0,0,1,0,1,1,1,0,0,50,1,1,1,1,1,1,1,1,1,1,100,1,0,0,1,1,1,0,1,1,1,70,1
1DS19CS139,1,1,0,0,0,0,1,1,0,0,40,1,0,1,1,1,0,1,0,0,1,60,1,1,1,0,1,0,0,1,0,1,60,0
1DS19CS140,0,0,1,1,0,1,0,0,1,0,40,0,1,0,1,1,1,1,0,0,1,60,1,1,0,1,1,0,1,1,1,0,70,1
1DS19CS141,1,1,1,1,1,1,1,1,0,0,80,1,1,0,0,1,1,1,0,1,1,70,1,1,1,0,0,0,1,1,0,1,60,1
1DS19CS142,0,0,0,1,0,1,1,0,1,1,50,1,1,1,0,0,1,0,1,1,0,60,0,1,1,0,0,1,1,1,1,0,60,0
1DS19CS143,0,1,1,1,0,1,1,1,0,1,70,1,1,0,1,1,1,0,1,1,0,70,1,1,1,1,1,1,0,0,0,1,70,1
1DS19CS144,1,1,0,0,1,1,1,1,1,1,80,0,1,1,1,1,1,0,0,1,1,70,1,1,0,1,1,1,1,0,1,0,70,0
1DS19CS145,1,1,1,0,0,1,1,1,1,1,80,1,1,0,1,1,1,0,1,1,0,70,0,0,0,0,1,1,1,1,1,1,60,0
1DS19CS146,1,1,1,1,1,1,1,1,1,1,100,0,1,0,0,0,1,1,0,1,1,50,0,0,0,1,0,1,1,1,1,1,60,1
1DS19CS147,1,1,1,0,1,0,1,1,1,1,80,0,0,0,0,1,1,1,1,1,1,60,0,1,0,1,0,1,1,1,1,0,60,1
1DS19CS148,0,1,0,1,0,0,1,1,0,0,40,1,1,1,0,0,1,0,0,1,0,50,1,1,1,1,1,0,1,0,0,0,60,1
1DS19CS149,0,1,0,1,0,1,1,0,1,1,60,1,1,1,1,0,1,1,0,1,0,70,0,1,0,0,0,1,1,1,0,1,50,1
1DS19CS150,1,0,1,1,1,1,0,1,1,0,70,0,1,1,0,1,1,0,1,1,1,70,1,1,1,1,1,0,0,1,0,1,70,1
1DS19CS151,0,1,1,1,1,0,0,1,1,0,60,0,1,1,0,1,0,1,1,1,1,70,1,1,1,1,1,1,0,1,1,0,80,1
1DS19CS152,0,0,0,1,0,1,0,0,0,0,20,1,1,1,1,0,1,1,1,0,0,70,1,0,1,1,1,1,1,1,1,1,90,1
1DS19CS153,1,1,1,1,1,1,1,1,1,1,100,1,1,1,1,1,1,1,1,1,1,100,0,0,1,1,0,0,1,1,1,0,50,1
1DS19CS154,1,0,0,1,1,0,1,0,0,1,50,0,0,1,0,1,0,0,1,1,1,50,0,0,1,1,1,1,1,1,1,1,80,0
1DS19CS155,1,1,1,1,1,0,1,1,1,0,80,1,0,1,1,1,1,1,1,1,1,90,0,0,1,1,1,0,1,1,1,1,70,0
1DS19CS156,1,1,0,0,0,1,1,1,1,1,70,1,1,1,0,0,0,0,1,0,0,40,0,0,1,1,1,1,1,1,0,1,70,0
1DS19CS157,1,1,1,1,1,1,1,1,1,0,90,0,1,1,1,1,1,1,1,1,1,90,1,0,1,1,1,0,1,1,1,1,80,1
1DS19CS158,1,0,1,1,0,0,1,1,1,0,60,1,0,1,1,1,1,0,0,1,1,70,1,1,1,1,1,1,1,1,1,0,90,0
1DS19CS159,0,1,1,1,1,0,0,0,1,1,60,0,1,0,1,1,1,0,1,1,1,70,0,1,1,1,0,1,1,1,1,1,80,1
1DS19CS160,1,1,0,1,1,1,0,1,0,1,70,0,1,1,0,0,1,1,1,0,1,60,1,1,1,1,1,1,1,0,1,0,80,0
1DS19CS161,1,1,1,0,1,1,0,0,0,0,50,1,1,0,1,1,1,0,1,1,1,80,0,1,1,1,1,1,1,1,0,1,80,1
1DS19CS162,1,1,1,1,1,0,1,0,1,1,80,0,1,1,1,1,1,1,0,1,0,70,1,1,1,1,1,1,1,0,0,0,70,1
1DS19CS163,1,1,1,1,0,1,1,1,1,0,80,1,1,0,0,1,1,1,1,1,0,70,1,1,1,1,1,1,1,1,1,0,90,1
1DS19CS164,0,0,1,1,1,1,1,1,0,1,70,0,1,1,1,1,1,1,1,0,1,80,1,1,0,1,1,1,1,0,1,0,70,1
1DS19CS165,1,1,0,0,1,1,1,1,1,0,70,1,1,1,1,1,1,1,0,1,1,90,1,1,1,0,1,1,0,1,1,1,80,1
1DS19CS166,1,0,1,1,1,1,1,0,1,1,80,1,0,0,1,1,1,1,1,1,0,70,1,0,1,1,1,0,1,1,1,0,70,1
1DS19CS167,1,1,0,1,1,1,0,1,0,0,60,1,1,1,0,1,0,1,1,1,1,80,1,1,1,0,0,1,0,1,0,0,50,0
1DS19CS168,0,0,1,1,0,1,1,1,1,1,70,1,1,1,1,1,1,1,1,1,1,100,0,1,1,1,1,1,0,1,1,1,80,1
1DS19CS169,1,1,1,1,0,1,1,0,1,0,70,0,0,1,1,0,0,0,1,0,0,30,1,0,0,1,1,0,1,1,1,1,70,1
1DS19CS170,0,0,1,1,1,1,1,1,0,1,70,1,1,0,1,0,0,1,1,1,1,70,0,1,1,1,1,0,1,0,0,0,50,1
1DS19CS171,0,1,1,1,1,0,0,0,0,1,50,1,0,0,0,1,1,1,1,1,0,60,0,1,0,0,0,1,1,1,1,0,50,1
1DS19CS172,0,1,1,0,1,0,1,1,0,1,60,1,1,1,1,1,1,1,1,0,1,90,0,1,0,1,1,1,1,1,0,1,70,0
1DS19CS173,1,1,0,1,1,1,1,0,0,1,70,1,1,1,1,1,0,1,1,0,0,70,1,1,1,1,0,1,0,1,1,1,80,0
1DS19CS174,0,0,1,0,1,1,0,1,1,1,60,1,1,1,1,1,0,1,1,1,1,90,1,1,1,1,0,0,0,0,0,0,40,0
1DS19CS175,0,0,1,0,0,0,1,1,0,0,30,0,1,1,1,1,1,0,1,0,1,70,1,1,0,1,0,1,1,0,1,1,70,1
1DS19CS176,0,1,0,1,1,1,0,0,1,1,60,1,1,1,1,1,0,0,1,0,0,60,1,1,1,1,0,0,0,1,1,1,70,0
1DS19CS177,1,1,1,1,1,0,0,1,0,1,70,1,1,1,0,1,1,1,1,0,0,70,1,0,1,1,1,1,1,1,1,1,90,0
1DS19CS178,0,0,1,0,0,1,0,1,0,1,40,1,0,1,1,0,1,1,1,1,0,70,0,1,1,1,1,1,1,0,1,1,80,0
1DS19CS179,1,1,1,0,1,0,1,0,1,1,70,1,1,0,0,0,1,1,1,1,0,60,1,0,0,1,1,0,0,1,1,0,50,1
1DS19CS180,1,1,0,1,1,0,0,1,0,1,60,0,1,1,0,1,1,1,1,1,1,80,0,1,1,0,1,1,0,1,1,0,60,1
1DS19CS181,1,1,0,1,0,0,1,0,1,1,60,1,1,1,0,1,1,1,1,0,0,70,1,0,1,1,1,1,1,0,1,1,80,0
1DS19CS182,1,1,0,1,1,1,1,1,1,0,80,1,0,1,1,0,1,1,1,0,1,70,1,1,0,1,1,1,0,1,0,1,70,1
1DS19CS183,1,0,1,0,1,1,1,1,1,1,80,1,1,1,1,1,0,1,1,1,1,90,1,0,0,1,0,1,1,1,1,0,60,1
1DS19CS184,1,1,0,1,0,1,1,1,1,0,70,1,1,1,1,1,1,1,0,0,1,80,1,0,1,1,1,0,1,0,0,1,60,1
1DS19CS185,0,1,0,1,1,1,0,0,0,1,50,0,1,1,1,0,1,1,1,1,1,80,1,1,1,0,1,1,1,0,0,1,70,0
1DS19CS186,1,0,1,0,1,1,1,0,1,1,70,1,1,1,0,1,1,1,1,1,1,90,1,0,0,1,1,1,1,0,1,0,60,0
1DS19CS187,1,1,1,0,1,1,1,0,0,1,70,0,1,0,0,0,0,1,0,1,1,40,0,1,1,1,1,0,0,0,1,0,50,0
1DS19CS188,1,1,0,1,0,1,1,1,1,1,80,1,1,1,0,0,1,1,0,0,1,60,1,1,1,0,0,1,0,1,1,1,70,1
1DS19CS189,0,1,1,0,1,0,1,1,1,1,70,1,1,0,0,1,0,1,1,0,0,50,0,0,1,1,1,0,0,0,0,0,30,1
1DS19CS190,0,1,1,1,0,1,1,1,1,1,80,0,1,1,0,1,1,1,0,1,0,60,1,0,1,0,0,0,0,0,1,0,30,1
1DS19CS191,1,1,1,1,0,1,0,1,0,1,70,1,0,1,1,1,0,1,1,0,0,60,0,1,0,1,1,1,1,1,0,1,70,0
1DS19CS192,0,1,1,1,1,1,0,0,0,0,50,1,1,0,0,1,1,1,1,0,0,60,0,1,0,1,0,1,1,0,1,0,50,0
1DS19CS193,0,0,1,1,1,0,1,1,1,1,70,1,0,1,1,0,0,1,1,1,0,60,0,1,1,1,0,1,1,1,1,1,80,1
1DS19CS194,0,1,1,1,0,0,0,1,1,1,60,1,1,1,1,1,1,1,1,1,0,90,1,0,1,1,1,1,1,1,1,0,80,1
1DS19CS195,1,0,1,0,0,0,0,1,1,0,40,0,1,1,1,1,0,1,1,0,1,70,0,1,0,0,1,1,0,1,1,1,60,0
1DS19CS196,0,0,0,0,1,1,1,1,0,0,40,1,1,1,1,0,1,0,0,1,1,70,0,1,0,1,1,1,0,0,1,1,60,1
1DS19CS197,1,0,1,0,1,0,1,0,1,1,60,1,0,1,0,1,1,1,1,1,1,80,0,1,1,1,0,1,0,0,0,1,50,0
1DS19CS198,1,1,1,0,0,1,1,0,0,1,60,1,1,1,1,1,0,1,1,0,0,70,1,1,1,1,1,1,1,1,1,1,100,1
1DS19CS199,1,1,0,1,1,1,1,1,1,1,90,1,1,1,0,0,1,1,1,0,1,70,1,1,1,1,1,1,1,0,1,1,90,0
1DS19CS200,1,1,1,1,1,0,1,0,0,1,70,0,1,1,0,1,0,0,0,1,1,50,0,1,1,0,1,1,0,1,1,1,70,0
1DS19CS201,0,1,0,0,1,1,1,1,0,1,60,1,1,0,0,1,0,1,1,1,1,70,0,1,0,1,1,1,1,1,1,1,80,1
1DS19CS202,1,1,0,0,0,1,1,0,0,1,50,0,1,1,1,1,1,0,0,1,1,70,1,1,0,1,1,0,1,1,0,0,60,0
1DS19CS203,1,0,1,1,1,1,1,0,0,0,60,1,0,1,1,1,1,0,0,0,1,60,1,0,0,1,0,1,0,1,1,0,50,1
1DS19CS204,1,1,1,0,1,1,1,0,0,0,60,1,0,1,1,1,1,1,1,1,1,90,1,1,0,0,1,1,1,1,1,0,70,0
1DS19CS205,1,1,0,1,1,0,1,0,1,1,70,0,1,1,0,1,0,1,0,0,1,50,1,1,1,0,0,0,1,0,1,1,60,1
1DS19CS206,0,0,1,1,0,1,1,1,1,1,70,1,0,1,0,1,0,0,1,1,0,50,0,1,1,0,0,1,1,0,1,0,50,1
1DS19CS207,1,0,1,1,0,1,1,1,1,0,70,1,0,1,1,0,0,0,0,1,0,40,1,1,1,1,0,1,0,0,0,0,50,1
1DS19CS208,1,0,0,0,0,1,1,1,1,0,50,0,0,1,1,0,0,1,1,1,1,60,0,0,1,1,0,1,0,0,0,0,30,1
1DS19CS209,0,0,0,1,0,1,1,1,1,0,50,0,0,1,0,1,1,0,1,1,0,50,1,0,1,1,1,1,1,1,1,1,90,1
1DS19CS210,0,1,0,0,1,0,1,1,0,0,40,0,1,1,0,0,1,0,1,0,1,50,1,0,0,1,1,0,1,0,1,1,60,0
1DS19CS211,1,1,1,1,0,0,0,0,0,0,40,1,1,1,1,1,1,0,1,1,0,80,1,1,1,1,1,1,1,1,1,0,90,1
1DS19CS212,0,0,0,1,0,1,1,1,0,1,50,0,1,1,0,0,1,1,0,1,1,60,0,1,1,0,1,1,1,1,0,1,70,0
1DS19CS213,1,1,1,1,1,0,1,1,1,1,90,0,1,1,1,1,0,1,1,0,1,70,0,0,0,0,1,1,1,1,1,0,50,0
1DS19CS214,1,1,1,1,0,1,1,1,1,0,80,1,1,1,0,0,1,1,1,0,1,70,0,1,1,0,1,1,1,1,1,1,80,1
1DS19CS215,1,0,0,0,1,0,1,1,0,1,50,1,1,1,0,0,1,1,1,1,0,70,1,1,0,1,1,1,1,1,1,0,80,1
1DS19CS216,1,0,0,1,1,1,0,0,1,0,50,1,0,1,1,1,0,1,1,1,1,80,1,1,0,1,1,1,1,1,0,1,80,0
1DS19CS217,1,1,0,1,1,0,0,0,0,0,40,1,1,0,1,0,1,1,0,0,0,50,0,1,1,1,1,0,0,1,0,1,60,0
1DS19CS218,1,1,0,0,1,1,1,0,1,1,70,1,1,1,1,1,0,1,1,0,1,80,1,1,1,1,1,0,1,1,1,0,80,1
1DS19CS219,0,1,1,1,1,1,1,1,1,0,80,1,1,1,1,0,0,1,1,0,1,70,0,0,1,1,1,1,1,1,0,1,70,1
1DS19CS220,0,1,1,1,0,1,1,1,0,0,60,0,1,0,1,1,1,1,1,0,1,70,1,1,0,1,1,0,0,0,1,1,60,1
1DS19CS221,0,0,1,1,1,0,0,1,0,1,50,0,1,0,1,1,0,0,1,0,0,40,0,1,0,1,0,1,1,0,0,0,40,1
1DS19CS222,1,1,1,1,1,1,1,0,1,1,90,1,1,1,1,1,0,0,0,1,0,60,1,1,1,0,1,1,1,1,1,1,90,1
1DS19CS223,1,1,1,1,0,1,1,0,1,0,70,1,1,0,1,0,0,0,1,0,1,50,1,0,1,0,0,1,1,0,1,0,50,1
1DS19CS224,1,1,1,0,0,1,1,1,1,0,70,0,0,1,1,1,0,0,1,1,1,60,1,1,1,1,1,0,0,1,0,1,70,1
1DS19CS225,1,1,0,0,1,0,1,0,1,0,50,0,1,1,1,1,1,0,1,1,1,80,1,1,0,0,0,1,1,1,0,0,50,0
1DS19CS226,0,1,1,1,1,1,1,1,1,1,90,0,1,1,1,0,1,1,0,1,1,70,1,0,1,1,1,1,0,1,0,0,60,1
1DS19CS227,1,1,0,0,0,1,1,1,1,0,60,1,1,1,1,1,1,1,0,1,1,90,1,1,1,1,1,1,1,1,1,1,100,0
1DS19CS228,1,1,1,0,1,1,1,1,0,1,80,1,0,1,0,1,1,1,1,1,1,80,0,1,0,0,0,0,1,1,1,1,50,1
1DS19CS229,1,1,1,0,1,0,0,1,0,0,50,0,0,1,1,0,1,0,0,0,1,40,1,1,0,0,0,1,1,1,1,1,70,1
1DS19CS230,0,0,1,0,0,0,0,0,1,1,30,1,1,1,1,0,1,0,1,0,1,70,1,1,0,0,0,1,1,1,1,1,70,0
1DS19CS231,0,0,1,1,1,0,1,0,0,1,50,0,0,1,0,1,0,0,1,1,1,50,1,0,1,0,0,1,1,1,1,0,60,1
1DS19CS232,0,1,1,0,1,0,1,1,1,0,60,1,1,0,1,1,1,1,1,1,1,90,1,1,1,1,1,0,0,0,0,1,60,0
1DS19CS233,0,0,1,1,1,1,0,1,1,1,70,1,1,1,1,1,0,1,0,0,0,60,1,1,0,1,1,1,1,1,1,1,90,1
1DS19CS234,1,0,1,0,0,1,1,0,0,1,50,0,1,1,0,0,1,0,1,0,1,50,1,0,1,1,0,0,0,1,0,1,50,1
1DS19CS235,1,1,0,1,0,1,1,1,1,1,80,1,0,0,0,1,0,0,0,1,1,40,1,0,1,1,1,0,0,0,1,1,60,1
1DS19CS236,1,0,1,0,0,1,1,1,0,0,50,1,1,0,1,1,1,1,1,1,1,90,1,1,0,1,0,1,1,1,0,1,70,0
1DS19CS237,1,0,1,0,0,1,0,0,0,1,40,1,1,1,0,0,0,1,0,0,0,40,1,1,1,1,1,0,1,1,0,1,80,1
1DS19CS238,1,0,0,1,0,1,1,1,1,0,60,0,1,0,0,1,1,0,1,1,0,50,1,1,1,1,1,1,1,1,0,1,90,1
1DS19CS239,1,1,1,1,0,1,1,0,1,1,80,1,1,1,0,0,1,0,1,0,1,60,1,1,1,1,0,1,1,0,0,1,70,1
1DS19CS240,1,0,1,1,0,0,1,1,1,1,70,0,1,1,0,0,0,1,0,1,0,40,0,1,1,1,1,0,1,1,0,0,60,0
1DS19CS241,0,1,0,1,1,1,1,0,1,1,70,1,1,0,1,1,1,1,0,0,1,70,1,0,1,1,1,1,1,1,1,0,80,1
1DS19CS242,1,0,1,1,0,1,1,1,1,0,70,1,0,1,0,0,1,1,0,0,1,50,1,1,0,1,1,0,1,1,1,0,70,1
1DS19CS243,0,1,0,0,1,1,1,1,1,1,70,1,1,1,1,1,1,1,1,1,1,100,0,0,1,0,0,1,1,1,1,1,60,1
1DS19CS244,1,1,0,1,1,1,1,1,1,1,90,1,1,1,1,1,1,0,0,1,0,70,1,1,1,0,0,1,1,1,1,1,80,1
1DS19CS245,0,1,0,1,0,1,1,0,1,0,50,0,1,1,1,1,1,1,1,1,0,80,0,1,1,1,1,0,1,1,0,1,70,0
1DS19CS246,0,1,1,0,0,1,1,0,1,1,60,1,0,1,0,1,1,0,1,1,1,70,1,1,0,0,0,1,1,1,1,1,70,0
1DS19CS247,1,0,1,1,1,1,1,1,0,0,70,0,1,1,1,0,1,1,1,1,1,80,1,1,1,1,0,0,1,0,1,1,70,0
1DS19CS248,0,0,1,0,1,1,0,1,1,1,60,1,1,1,0,1,1,1,0,1,1,80,1,0,0,1,1,1,1,0,0,0,50,0
1DS19CS249,0,1,0,1,1,0,0,1,1,1,60,1,0,1,1,1,1,1,0,0,1,70,1,1,0,0,1,0,0,1,0,0,40,0
1DS19CS250,1,1,1,0,1,1,0,0,0,1,60,1,0,1,0,1,1,1,1,1,1,80,1,1,0,1,1,1,0,1,1,1,80,0
1DS19CS251,1,1,0,0,0,1,1,0,1,1,60,1,1,1,0,1,1,0,1,0,1,70,1,1,1,0,1,1,1,1,0,1,80,1
1DS19CS252,1,1,1,1,1,1,0,1,0,0,70,1,0,0,1,1,1,1,1,0,1,70,1,0,0,0,1,1,1,1,1,1,70,0
1DS19CS253,1,0,1,0,0,1,0,1,1,1,60,0,0,1,1,1,0,0,0,1,1,50,1,0,1,1,0,1,0,1,1,1,70,1
1DS19CS254,1,0,1,1,1,1,0,1,1,0,70,1,0,1,1,1,1,1,1,1,1,90,0,0,1,1,0,0,0,0,1,0,30,0
1DS19CS255,0,0,1,1,1,0,1,1,0,1,60,0,1,1,1,0,1,1,0,0,0,50,1,1,0,0,1,0,0,0,1,1,50,1
1DS19CS256,1,1,1,1,0,1,0,0,1,0,60,1,1,1,0,1,1,1,1,1,0,80,0,1,1,1,0,1,1,1,0,0,60,1
1DS19CS257,0,1,0,0,1,1,0,1,0,1,50,0,0,0,1,1,1,1,1,1,0,60,0,1,1,0,0,1,1,1,1,1,70,0
1DS19CS258,1,1,1,1,0,1,1,0,1,0,70,1,1,0,0,1,1,1,1,0,0,60,1,1,1,1,1,1,0,0,1,0,70,1
1DS19CS259,0,0,0,1,1,1,1,1,1,1,70,1,1,0,0,0,1,1,1,1,0,60,1,0,0,1,1,1,0,1,0,0,50,0
1DS19CS260,0,1,1,0,0,1,1,1,1,1,70,1,1,1,0,1,1,0,1,0,1,70,1,1,0,1,1,1,1,0,0,1,70,0
1DS19CS261,0,0,0,1,0,1,1,1,0,0,40,0,0,0,0,0,1,0,0,1,1,30,0,1,1,1,0,1,1,1,1,1,80,0
1DS19CS262,1,1,0,0,1,0,0,1,1,1,60,0,1,1,0,0,1,1,1,1,0,60,1,0,1,1,0,1,0,1,1,0,60,1
1DS19CS263,1,0,1,0,0,1,0,1,0,0,40,0,1,1,1,0,1,0,1,0,0,50,1,0,1,0,0,0,1,0,1,0,40,1
1DS19CS264,1,0,0,1,1,1,1,1,1,0,70,1,1,1,1,0,0,1,0,1,0,60,0,1,0,0,0,1,0,1,1,1,50,1
1DS19CS265,0,1,1,0,0,0,1,0,1,1,50,0,1,0,1,1,0,1,1,1,1,70,1,0,0,1,0,0,1,1,1,1,60,0
1DS19CS266,1,0,1,1,1,0,1,1,1,0,70,1,0,1,0,1,1,1,1,1,1,80,1,0,1,1,1,1,1,1,1,1,90,1
1DS19CS267,1,1,1,1,1,0,0,1,1,0,70,1,1,1,1,1,0,1,0,0,0,60,1,1,1,1,1,0,1,0,1,1,80,0
1DS19CS268,1,1,1,0,0,1,0,0,0,1,50,1,1,1,1,1,1,1,0,0,1,80,1,1,0,1,1,1,1,1,1,0,80,1
1DS19CS269,1,0,0,1,1,0,1,1,1,1,70,1,1,0,1,1,0,1,0,1,1,70,0,1,0,0,0,0,1,0,0,1,30,0
1DS19CS270,1,1,1,0,1,0,1,0,1,1,70,1,1,1,0,1,1,1,0,1,1,80,1,0,1,0,1,1,1,1,0,0,60,0
1DS19CS271,1,0,0,0,1,1,1,0,1,1,60,0,0,1,1,0,1,0,1,0,1,50,1,1,1,1,1,1,0,1,1,0,80,0
1DS19CS272,1,1,1,1,0,1,1,1,1,0,80,1,1,1,0,0,1,0,1,1,0,60,1,1,1,1,1,0,0,1,1,1,80,0
1DS19CS273,1,1,0,1,0,1,0,1,1,0,60,0,0,0,0,1,1,1,1,0,1,50,1,0,0,0,1,1,0,0,1,1,50,0
1DS19CS274,1,0,1,1,1,1,1,1,0,0,70,1,1,0,0,1,0,1,0,1,1,60,1,0,1,1,1,1,1,1,1,0,80,0
1DS19CS275,0,1,1,1,1,1,0,1,1,0,70,1,1,1,1,0,0,0,0,1,1,60,1,0,0,1,0,1,0,0,1,0,40,1
1DS19CS276,1,1,0,1,1,0,1,0,0,0,50,1,1,1,1,1,1,1,1,1,1,100,1,1,1,1,1,1,1,1,1,0,90,1
1DS19CS277,1,0,1,0,1,1,0,0,1,1,60,1,1,0,1,1,0,1,0,0,0,50,1,1,1,0,1,1,1,1,1,1,90,0
1DS19CS278,1,1,1,0,1,1,1,1,1,1,90,0,0,0,0,1,1,1,1,1,0,50,0,1,1,1,1,0,0,1,0,1,60,0
1DS19CS279,1,1,0,0,1,1,1,0,1,1,70,1,1,1,0,1,0,1,1,1,1,80,0,0,0,1,0,1,0,1,1,1,50,1
1DS19CS280,1,0,0,1,1,1,0,1,0,1,60,1,0,1,1,0,1,1,1,1,1,80,0,1,1,0,0,1,0,0,1,1,50,0
1DS19CS281,1,0,0,1,1,1,1,0,1,1,70,0,1,1,1,1,1,1,1,0,0,70,0,0,1,0,1,1,1,0,1,1,60,0
1DS19CS282,1,1,1,1,1,1,1,1,1,0,90,1,1,0,0,1,0,1,1,0,1,60,1,0,1,1,1,0,1,1,1,1,80,0
1DS19CS283,1,0,1,1,0,1,1,1,0,1,70,0,1,1,0,0,0,1,0,1,0,40,1,1,1,1,1,1,1,1,1,1,100,1
1DS19CS284,0,1,1,1,1,0,1,1,1,0,70,1,0,1,1,0,0,0,0,1,1,50,0,0,1,1,1,1,1,1,1,1,80,1
1DS19CS285,1,1,1,1,1,1,1,0,1,1,90,0,1,1,0,0,1,0,1,1,1,60,1,1,0,1,1,1,1,1,1,1,90,0
1DS19CS286,1,1,1,1,1,1,1,1,1,1,100,0,0,1,1,0,0,1,1,1,1,60,0,1,0,0,1,1,1,1,0,0,50,1
1DS19CS287,1,1,0,0,0,1,1,1,1,1,70,0,0,1,0,0,1,0,1,1,1,50,1,1,1,0,1,1,1,1,1,0,80,1
1DS19CS288,0,1,1,0,0,0,0,1,1,1,50,1,0,0,1,1,1,1,1,0,1,70,0,1,0,1,1,1,1,1,1,0,70,1
1DS19CS289,0,0,1,1,1,1,0,1,1,1,70,1,0,1,1,0,1,0,1,0,1,60,1,1,1,1,1,0,0,1,1,1,80,1
1DS19CS290,1,0,0,1,1,0,1,1,0,1,60,1,1,0,1,1,1,0,1,1,1,80,1,1,1,1,1,0,0,0,1,1,70,1
1DS19CS291,1,0,0,0,1,1,0,0,1,1,50,1,0,0,1,1,1,0,1,1,1,70,1,1,0,1,0,1,1,0,1,1,70,1
1DS19CS292,1,1,0,1,0,1,1,1,0,0,60,1,1,1,0,1,1,1,1,1,0,80,1,1,1,0,0,1,1,1,1,1,80,1
1DS19CS293,0,1,1,1,1,1,0,0,0,1,60,0,1,1,1,1,1,1,1,1,1,90,1,1,0,0,1,0,1,0,1,0,50,1
1DS19CS294,1,0,1,0,0,0,1,0,0,0,30,1,1,1,1,1,1,0,1,1,1,90,0,0,1,1,0,1,1,0,1,1,60,1
1DS19CS295,1,0,1,0,1,1,0,0,1,0,50,0,1,1,1,0,1,0,0,0,1,50,1,1,0,1,1,1,1,0,0,1,70,1
1DS19CS296,1,1,1,0,1,1,0,0,0,1,60,1,1,0,1,1,1,1,0,0,1,70,0,1,1,1,1,0,1,1,0,1,70,1
1DS19CS297,1,1,0,1,1,1,1,1,0,0,70,0,0,1,1,1,1,0,1,1,1,70,0,1,1,1,1,0,0,1,1,1,70,0
1DS19CS298,0,0,0,1,0,1,1,1,0,1,50,1,1,0,1,0,1,1,1,1,1,80,0,0,1,1,0,1,1,0,0,1,50,0
1DS19CS299,0,1,1,1,0,1,0,0,1,0,50,1,1,0,0,1,0,1,1,1,0,60,1,1,1,0,1,0,1,0,0,1,60,1
1DS19CS300,0,0,0,1,1,0,1,1,0,0,40,1,0,1,1,1,0,1,0,1,0,60,1,1,1,1,0,1,0,0,1,0,60,0
1DS19CS301,0,1,0,1,0,1,1,1,0,1,60,0,1,1,1,0,1,1,1,1,0,70,1,1,1,0,0,0,1,0,1,1,60,1
1DS19CS302,1,0,0,1,1,0,0,1,0,0,40,1,0,1,1,1,0,0,1,1,1,70,1,1,1,1,1,1,1,0,1,0,80,0
1DS19CS303,1,0,1,1,1,1,0,1,1,0,70,1,0,1,0,1,1,0,0,1,1,60,0,1,0,0,0,1,0,1,0,1,40,0
1DS19CS304,1,1,1,1,1,1,0,0,1,0,70,1,1,1,1,1,1,1,1,1,1,100,1,1,0,1,1,1,0,1,0,1,70,0
1DS19CS305,1,0,1,1,0,1,1,1,1,1,80,1,1,1,1,1,0,1,1,0,1,80,0,1,1,1,1,0,1,1,1,1,80,1
1DS19CS306,1,1,1,1,1,1,1,1,1,0,90,1,1,1,0,0,1,1,1,1,1,80,1,1,1,1,1,1,1,0,0,1,80,0
1DS19CS307,1,1,1,0,1,0,1,0,0,0,50,1,1,0,0,0,1,0,1,1,1,60,1,1,1,0,0,0,0,0,0,1,40,1
1DS19CS308,1,1,1,0,1,1,1,1,0,1,80,1,1,0,1,0,1,1,0,1,1,70,1,1,1,0,1,0,0,1,0,0,50,1
1DS19CS309,0,0,1,0,1,1,1,0,1,1,60,1,1,1,0,1,1,1,1,1,0,80,1,1,1,0,1,0,1,1,1,1,80,1
1DS19CS310,1,1,0,0,1,1,1,0,0,0,50,0,1,1,1,0,1,1,0,1,1,70,1,1,0,1,0,1,1,1,0,1,70,1
1DS19CS311,1,0,1,1,0,1,0,0,0,0,40,1,1,1,1,1,0,1,1,1,1,90,0,0,0,0,0,1,1,1,0,1,40,0
1DS19CS312,1,0,0,1,0,1,0,0,1,1,50,0,1,1,1,1,0,0,1,1,0,60,0,1,0,1,1,0,0,1,0,0,40,0
1DS19CS313,1,1,1,0,0,0,1,1,1,1,70,0,0,0,1,1,1,1,0,0,0,40,0,1,1,1,0,1,0,0,1,1,60,1
1DS19CS314,1,1,1,1,0,1,1,1,0,0,70,0,1,0,0,1,1,0,1,1,1,60,1,0,1,0,1,1,0,1,0,1,60,1
1DS19CS315,1,1,1,0,1,1,1,0,0,0,60,1,1,0,1,0,1,1,0,1,0,60,1,1,0,1,1,1,1,1,1,0,80,1
1DS19CS316,1,1,1,0,1,1,1,0,1,1,80,1,1,0,1,0,1,1,1,0,1,70,1,0,1,1,0,1,1,1,1,0,70,1
1DS19CS317,1,1,1,1,1,1,1,0,1,1,90,0,1,1,0,1,1,1,1,1,0,70,1,1,1,1,1,1,1,1,1,1,100,1
1DS19CS318,1,1,0,0,1,0,1,1,1,0,60,1,1,1,1,1,0,0,1,0,0,60,1,1,1,0,1,1,1,1,1,0,80,1
1DS19CS319,1,0,0,1,1,1,1,0,0,1,60,1,1,0,1,0,1,0,1,0,0,50,1,1,0,1,0,0,1,0,0,0,40,1
1DS19CS320,1,0,1,0,0,1,0,0,0,1,40,1,1,1,1,0,1,1,1,1,0,80,1,0,1,1,1,0,1,1,0,1,70,0
1DS19CS321,1,0,1,1,1,0,0,0,0,1,50,1,1,1,1,1,0,1,0,1,1,80,0,1,1,0,1,0,1,1,1,1,70,1
1DS19CS322,1,0,0,0,1,0,0,0,1,1,40,0,0,1,0,0,0,0,0,0,0,10,1,0,1,1,0,0,0,1,1,0,50,1
1DS19CS323,1,1,1,1,1,1,0,0,0,0,60,1,0,1,1,0,1,1,1,1,0,70,1,1,1,1,0,1,1,1,0,0,70,0
1DS19CS324,1,1,1,0,0,0,1,1,1,0,60,1,0,1,0,1,1,1,1,1,1,80,0,0,0,1,1,0,0,1,0,0,30,1
1DS19CS325,0,0,0,1,1,1,1,1,0,1,60,1,1,1,1,0,0,0,1,1,1,70,1,0,1,1,1,1,0,1,0,0,60,1
1DS19CS326,0,1,1,0,1,0,1,1,1,1,70,0,0,1,1,0,0,1,0,0,0,30,1,1,1,1,1,1,1,1,0,1,90,1
1DS19CS327,0,0,1,0,1,1,1,1,1,1,70,1,1,1,0,1,1,1,1,1,1,90,0,0,1,1,0,1,1,1,1,1,70,1
1DS19CS328,0,1,0,1,1,0,1,1,1,1,70,1,1,1,0,1,1,0,1,1,1,80,1,1,1,1,1,0,1,1,1,1,90,1
1DS19CS329,0,1,0,1,0,1,0,0,1,0,40,1,1,1,0,0,0,1,1,1,1,70,1,1,0,1,1,0,0,1,1,1,70,1
1DS19CS330,0,1,1,1,0,0,1,1,1,1,70,1,1,0,0,1,1,1,1,1,0,70,1,1,1,0,1,1,0,0,1,1,70,1
1DS19CS331,0,1,0,1,1,0,1,0,1,1,60,1,0,0,1,0,0,0,0,0,1,30,0,0,0,1,1,0,1,0,1,1,50,1
1DS19CS332,0,1,1,1,1,0,1,1,1,1,80,1,1,0,1,1,1,1,1,0,1,80,0,1,1,0,0,0,1,1,1,0,50,0
1DS19CS333,0,1,0,1,0,0,1,1,1,0,50,1,1,1,0,1,1,1,0,1,1,80,0,0,1,1,0,0,0,1,1,1,50,1
1DS19CS334,0,0,1,1,1,1,1,1,1,1,80,0,0,1,1,0,0,1,1,0,1,50,1,1,1,1,1,1,1,0,0,1,80,1
1DS19CS335,1,1,1,0,1,1,1,1,1,1,90,1,0,1,1,0,0,1,1,1,0,60,0,1,1,1,1,1,1,1,1,1,90,1
1DS19CS336,1,0,1,1,1,1,1,1,0,0,70,0,1,1,1,1,0,1,1,1,0,70,0,0,1,1,0,0,0,1,0,1,40,1
1DS19CS337,1,0,1,0,1,0,1,1,0,1,60,1,1,1,0,1,1,0,0,1,1,70,0,0,1,0,0,1,0,1,1,1,50,1
1DS19CS338,1,1,0,1,1,0,0,1,1,1,70,1,1,1,1,1,1,1,0,0,0,70,0,0,1,1,0,1,1,1,1,0,60,1
1DS19CS339,1,0,1,0,0,1,1,1,1,1,70,1,0,1,1,1,1,0,0,1,1,70,1,1,1,0,0,1,1,0,1,1,70,1
1DS19CS340,1,1,0,0,1,0,1,0,0,1,50,0,1,0,1,1,1,0,1,0,1,60,1,1,1,0,0,1,1,0,0,1,60,0
1DS19CS341,1,0,1,0,1,1,1,1,1,1,80,1,1,1,1,1,0,1,1,1,1,90,1,1,1,1,1,1,0,0,1,0,70,0
1DS19CS342,1,0,1,1,0,1,0,0,0,1,50,0,0,0,1,1,1,0,1,1,1,60,1,0,1,0,1,1,1,0,1,1,70,1
1DS19CS343,1,0,1,1,1,1,1,0,1,0,70,1,1,1,1,1,0,1,0,0,0,60,1,1,0,0,0,1,1,1,0,0,50,0
1DS19CS344,0,1,1,1,1,1,1,1,1,1,90,1,0,1,0,1,1,1,1,1,1,80,0,0,1,1,1,0,1,1,1,1,70,1
1DS19CS345,1,1,0,0,0,1,1,0,1,1,60,1,1,1,0,0,1,1,1,1,1,80,1,1,1,1,1,1,1,1,1,0,90,1
1DS19CS346,0,0,1,0,1,1,0,0,0,1,40,0,1,1,1,0,1,1,1,0,1,70,0,1,1,0,1,1,1,1,1,1,80,1
1DS19CS347,0,1,1,1,0,1,1,0,0,1,60,1,0,1,1,1,0,1,1,1,1,80,1,1,0,1,1,1,1,1,1,1,90,0
1DS19CS348,1,0,0,1,0,1,1,0,0,1,50,1,0,1,0,1,1,1,1,1,0,70,0,1,1,0,0,0,0,0,1,1,40,1
1DS19CS349,1,1,1,1,1,1,0,1,1,0,80,0,0,0,1,1,1,1,1,1,1,70,0,0,0,0,1,1,1,1,1,0,50,1
1DS19CS350,0,1,0,1,1,1,1,1,0,1,70,1,1,1,1,0,0,0,1,1,1,70,0,1,1,1,1,0,0,0,0,1,50,1
1DS19CS351,1,1,1,1,1,1,1,1,1,0,90,1,1,0,1,0,0,1,1,0,1,60,1,0,0,1,0,1,1,0,1,0,50,1
1DS19CS352,1,1,1,1,1,0,1,1,1,1,90,1,1,1,0,0,1,1,0,1,1,70,1,1,1,1,1,0,1,0,1,1,80,1
1DS19CS353,0,0,1,1,1,0,1,1,1,0,60,0,1,1,0,0,1,1,0,1,1,60,0,1,0,0,0,0,1,0,1,1,40,1
1DS19CS354,0,0,0,1,1,0,0,1,0,0,30,0,0,0,0,1,1,1,1,0,1,50,0,1,1,0,0,0,1,1,0,1,50,1
1DS19CS355,1,1,0,1,1,0,1,1,1,0,70,0,1,1,0,0,1,1,1,1,0,60,0,0,0,0,0,1,1,1,1,1,50,1
1DS19CS356,1,1,0,1,0,1,1,1,1,1,80,1,1,0,1,0,1,1,1,1,1,80,1,1,1,1,1,1,0,1,1,0,80,1
1DS19CS357,1,1,0,1,1,0,1,0,1,1,70,1,1,0,1,1,1,1,0,1,0,70,1,1,0,0,0,1,0,0,1,1,50,1
1DS19CS358,1,1,0,1,0,0,0,0,1,0,40,1,0,0,1,0,0,1,1,1,0,50,0,0,1,1,1,1,0,1,1,0,60,0
1DS19CS359,1,0,1,1,1,1,1,1,1,0,80,0,1,1,1,1,1,1,1,1,1,90,1,1,1,1,0,1,0,1,1,1,80,1
1DS19CS360,1,1,1,1,0,1,0,0,0,1,60,1,0,1,1,0,1,1,1,0,1,70,1,0,1,0,0,0,1,1,0,1,50,1
1DS19CS361,1,1,1,0,1,1,0,1,1,0,70,0,1,1,1,0,1,1,1,1,0,70,1,1,0,0,1,0,0,0,0,1,40,0
1DS19CS362,1,1,0,1,0,1,0,1,0,1,60,1,1,0,1,1,1,1,1,1,0,80,0,1,1,0,0,1,0,1,0,1,50,1
1DS19CS363,1,1,1,1,1,0,1,0,1,0,70,0,1,0,0,0,1,1,1,1,0,50,1,1,1,1,1,1,1,1,1,1,100,1
1DS19CS364,0,0,0,1,0,0,1,0,1,1,40,1,0,1,0,0,0,1,1,0,1,50,0,1,0,1,1,0,0,1,0,0,40,1
1DS19CS365,0,0,1,1,1,0,1,1,1,1,70,1,1,1,1,1,1,1,1,1,0,90,0,0,0,1,0,1,0,1,1,0,40,1
1DS19CS366,1,0,1,1,0,1,1,1,1,1,80,0,1,1,1,1,1,0,0,0,0,50,0,1,1,0,0,1,1,1,0,1,60,1
1DS19CS367,1,1,1,1,1,1,1,1,1,1,100,0,1,1,1,1,0,1,1,0,0,60,1,0,1,1,1,0,1,0,0,0,50,1
1DS19CS368,1,0,1,1,1,1,1,0,0,1,70,0,0,1,0,0,1,1,1,1,1,60,1,1,1,1,1,1,1,1,1,0,90,0
1DS19CS369,1,1,1,0,1,0,0,1,1,1,70,1,1,0,1,1,1,1,1,1,1,90,0,1,1,1,1,1,0,0,0,0,50,1
1DS19CS370,1,1,0,0,0,1,0,1,1,1,60,1,0,0,1,1,0,0,1,0,1,50,0,1,0,1,1,0,0,1,0,1,50,0
1DS19CS371,0,0,1,1,1,1,1,1,0,0,60,0,0,0,0,1,1,0,1,1,1,50,1,0,1,1,0,1,1,1,1,1,80,1
1DS19CS372,1,0,1,1,1,1,1,0,1,1,80,1,1,1,1,1,1,1,1,1,1,100,1,1,1,0,1,0,1,1,0,0,60,1
1DS19CS373,0,1,0,1,1,0,1,1,0,1,60,1,0,0,1,1,0,1,0,1,1,60,1,0,0,1,1,0,0,1,0,1,50,1
1DS19CS374,1,0,1,0,0,0,1,1,1,1,60,0,1,0,1,1,1,1,0,1,1,70,1,1,1,0,1,0,1,1,0,1,70,1
1DS19CS375,1,1,1,1,1,0,0,1,1,1,80,1,1,1,0,1,1,1,0,1,1,80,1,1,0,1,1,0,0,1,1,1,70,0
1DS19CS376,1,1,0,0,1,0,1,1,0,1,60,0,0,0,0,0,0,1,0,1,1,30,1,1,1,1,1,0,1,1,0,1,80,1
1DS19CS377,0,1,1,1,1,0,0,1,0,0,50,1,1,1,1,1,1,1,1,1,1,100,1,1,1,0,0,1,1,0,0,0,50,0
1DS19CS378,0,1,0,0,0,1,1,1,1,1,60,1,0,1,1,1,1,1,1,1,1,90,1,1,1,1,0,1,0,1,1,1,80,0
1DS19CS379,1,0,1,0,1,1,1,0,0,1,60,0,1,0,1,1,1,1,1,1,1,80,1,0,1,1,0,1,1,0,1,0,60,0
1DS19CS380,1,1,0,1,1,0,0,0,0,0,40,1,0,1,0,0,0,1,0,0,1,40,0,0,0,1,0,1,1,1,0,1,50,1
1DS19CS381,1,0,1,1,1,1,0,0,1,1,70,1,0,1,0,1,1,0,0,1,1,60,1,0,0,0,1,0,1,0,0,1,40,0
1DS19CS382,0,1,1,1,0,0,1,1,0,1,60,0,1,0,0,0,1,0,1,0,1,40,1,1,1,0,1,0,1,1,0,1,70,1
1DS19CS383,1,0,1,1,1,0,1,1,1,1,80,1,0,1,1,0,1,1,0,0,1,60,0,1,0,0,1,1,1,1,1,1,70,0
1DS19CS384,0,1,0,1,1,1,0,0,0,1,50,0,1,1,1,1,0,0,1,1,1,70,0,1,1,1,1,1,1,0,0,1,70,1
1DS19CS385,1,0,0,1,1,1,0,1,1,0,60,1,0,0,0,1,1,1,1,1,1,70,0,1,1,1,0,1,0,1,1,0,60,0
1DS19CS386,1,0,1,0,1,1,1,0,0,1,60,1,1,1,0,0,1,0,1,1,1,70,1,1,0,1,0,0,0,1,1,0,50,1
1DS19CS387,1,0,1,1,1,1,0,0,1,1,70,0,0,0,1,0,1,1,0,1,0,40,1,1,1,1,1,1,0,0,0,1,70,1
1DS19CS388,0,0,1,0,1,1,0,1,0,0,40,1,0,0,1,0,0,1,1,0,0,40,0,1,0,1,0,0,1,1,0,1,50,1
1DS19CS389,0,0,1,0,1,1,1,1,0,1,60,1,1,1,1,0,0,1,0,1,0,60,0,0,0,1,1,1,1,0,0,1,50,0
1DS19CS390,1,1,0,1,1,0,1,1,0,1,70,0,0,1,1,1,1,1,1,0,1,70,1,1,1,1,0,0,1,0,1,1,70,1
1DS19CS391,1,0,1,1,0,1,0,1,0,1,60,1,0,1,1,1,1,1,1,1,1,90,1,0,1,1,1,0,1,0,1,1,70,1
1DS19CS392,1,0,0,0,1,1,1,0,1,0,50,0,1,1,0,1,1,1,0,0,1,60,1,1,1,1,1,1,1,1,1,1,100,1
1DS19CS393,0,0,1,1,1,1,1,0,0,1,60,0,0,0,0,0,1,0,1,0,1,30,1,0,0,1,1,1,1,1,1,0,70,1
1DS19CS394,0,0,1,1,1,0,1,1,1,0,60,1,1,1,1,1,1,1,1,1,0,90,1,1,1,1,1,0,0,0,1,1,70,1
1DS19CS395,0,0,0,1,1,1,0,1,1,1,60,1,1,0,0,0,0,1,1,0,0,40,1,0,1,1,1,0,0,1,1,0,60,0
1DS19CS396,1,1,1,0,1,1,0,1,1,1,80,1,1,0,1,0,1,1,1,1,1,80,1,1,1,0,1,1,0,1,1,0,70,1
1DS19CS397,0,1,1,1,1,1,0,0,0,0,50,0,1,1,1,1,1,1,0,1,1,80,0,1,1,0,1,1,1,0,1,1,70,1
1DS19CS398,1,1,1,1,1,0,1,1,0,1,80,1,0,1,1,1,0,0,0,1,0,50,1,1,0,1,1,0,1,0,1,1,70,0
1DS19CS399,0,0,1,1,1,1,0,1,1,1,70,0,1,0,0,0,1,1,0,1,0,40,0,1,1,1,1,1,0,0,0,0,50,1
1DS19CS400,0,1,1,0,0,1,0,0,1,1,50,1,1,1,1,0,1,1,1,1,1,90,1,1,1,1,1,1,1,1,1,1,100,1
1DS19CS401,0,0,1,1,1,1,1,0,0,1,60,0,1,1,1,1,0,1,0,1,0,60,1,0,0,1,1,1,0,1,1,0,60,1
1DS19CS402,1,1,1,1,1,0,0,1,1,0,70,1,1,0,1,1,1,1,0,1,0,70,0,1,1,0,0,0,0,1,1,1,50,0
1DS19CS403,0,1,1,0,1,0,1,1,1,0,60,1,1,1,0,1,1,1,1,1,1,90,1,1,1,0,0,0,0,1,1,1,60,1
1DS19CS404,1,0,0,1,1,1,0,1,0,0,50,1,0,1,1,0,1,0,1,1,1,70,0,0,1,1,1,0,1,0,0,1,50,0
1DS19CS405,0,1,1,0,0,1,1,0,1,1,60,1,1,0,0,0,1,1,0,1,1,60,1,1,0,1,0,1,1,1,1,1,80,0
1DS19CS406,0,1,1,1,1,1,1,1,1,1,90,1,1,1,0,0,0,0,1,1,1,60,1,0,0,1,0,0,0,1,0,0,30,1
1DS19CS407,1,1,1,1,1,0,1,0,0,1,70,1,0,1,0,0,1,1,0,0,0,40,1,1,1,0,1,1,1,0,0,0,60,1
1DS19CS408,0,1,1,1,0,1,0,0,1,1,60,1,1,1,0,1,1,1,0,1,0,70,0,0,1,0,0,0,1,1,1,1,50,0
1DS19CS409,0,1,0,1,0,1,0,1,0,1,50,0,1,0,1,1,1,1,1,0,1,70,0,1,0,0,0,1,0,0,1,0,30,0
1DS19CS410,1,1,1,0,1,1,1,1,0,0,70,0,1,1,0,0,0,1,1,1,1,60,0,1,1,0,1,0,0,1,1,1,60,0
1DS19CS411,1,1,1,1,1,1,0,0,1,1,80,0,1,0,1,0,0,0,1,0,1,40,1,0,1,1,0,1,1,1,1,1,80,1
1DS19CS412,0,1,1,1,0,0,1,1,1,0,60,1,1,1,0,1,0,0,1,0,0,50,1,1,1,1,1,1,1,0,1,1,90,0
1DS19CS413,1,1,1,1,1,1,1,1,0,0,80,1,0,1,1,1,1,1,1,0,1,80,0,0,1,1,0,1,1,1,1,1,70,0
1DS19CS414,1,0,1,1,0,1,1,0,1,0,60,1,0,0,0,0,0,1,0,0,1,30,1,1,1,1,0,1,1,1,1,1,90,1
1DS19CS415,1,0,1,1,0,1,1,1,1,1,80,1,1,1,0,1,1,1,1,1,1,90,1,0,1,1,1,1,1,0,1,0,70,1
1DS19CS416,0,1,0,1,0,1,1,1,0,1,60,1,1,1,1,1,1,0,1,1,1,90,1,0,0,1,1,1,0,1,1,1,70,1
1DS19CS417,1,1,1,0,1,1,1,0,1,0,70,0,0,0,1,0,1,1,1,0,1,50,1,0,1,1,1,0,1,0,0,1,60,1
1DS19CS418,1,0,1,1,1,1,1,1,1,0,80,0,1,0,1,1,0,1,1,1,0,60,0,1,1,1,1,1,1,1,0,1,80,1
1DS19CS419,0,0,0,1,1,1,1,1,1,0,60,1,0,1,1,1,1,1,1,0,1,80,1,0,0,1,1,1,0,1,1,1,70,0
1DS19CS420,1,1,0,1,1,0,1,1,1,1,80,1,0,1,0,1,1,1,1,0,1,70,1,1,0,0,1,0,1,1,0,1,60,0
1DS19CS421,1,1,0,0,1,0,1,1,1,0,60,0,1,1,0,1,1,1,1,1,1,80,0,1,1,1,1,1,1,1,1,0,80,1
1DS19CS422,1,1,1,0,1,1,1,1,1,1,90,1,1,0,1,1,1,0,1,1,1,80,1,1,0,0,1,1,1,1,1,1,80,1
1DS19CS423,1,1,0,0,1,0,1,1,1,1,70,1,1,1,1,0,1,0,1,1,1,80,1,1,1,1,1,1,1,1,0,1,90,1
1DS19CS424,1,1,1,0,1,1,1,0,0,1,70,1,0,0,1,0,1,1,0,1,0,50,1,0,0,0,1,0,1,0,0,0,30,1
1DS19CS425,1,1,0,1,1,1,1,1,1,1,90,1,1,0,1,1,1,1,1,1,1,90,1,1,1,0,1,1,0,0,1,0,60,1
1DS19CS426,1,1,1,0,0,1,0,0,0,1,50,1,0,1,0,1,0,1,0,0,1,50,0,1,1,1,1,0,0,1,1,0,60,1
1DS19CS427,0,0,0,1,0,1,1,1,1,1,60,1,1,0,1,1,0,1,1,1,0,70,1,1,0,1,1,1,1,1,1,0,80,0
1DS19CS428,0,1,0,0,1,0,1,1,0,1,50,0,1,1,0,1,1,1,0,1,0,60,0,0,0,0,0,1,1,1,0,1,40,1
1DS19CS429,0,1,1,0,1,0,1,0,0,1,50,1,0,0,0,1,1,0,1,1,1,60,0,0,0,1,0,1,1,0,1,1,50,1
1DS19CS430,1,0,1,1,0,1,1,1,1,1,80,1,0,0,0,1,1,1,0,0,0,40,1,1,0,1,1,1,1,1,0,0,70,0
1DS19CS431,1,1,1,1,1,1,0,1,0,0,70,0,1,0,1,0,1,1,0,1,1,60,0,1,1,1,1,0,1,1,1,0,70,1
1DS19CS432,1,0,1,1,1,0,1,0,0,1,60,1,1,0,1,0,0,1,1,1,1,70,0,1,0,1,1,1,1,1,1,1,80,1
1DS19CS433,1,1,1,0,0,1,1,1,0,1,70,0,0,0,0,1,1,1,1,1,1,60,1,0,1,0,0,1,1,1,1,1,70,1
1DS19CS434,1,0,1,1,1,1,1,1,1,1,90,0,1,1,1,1,0,1,0,1,1,70,1,1,1,1,1,1,1,1,0,1,90,0
1DS19CS435,1,1,0,1,0,1,0,1,1,0,60,1,1,0,1,0,1,0,1,1,0,60,1,0,0,1,1,1,1,0,0,1,60,0
1DS19CS436,1,1,1,1,0,1,1,0,0,1,70,1,0,1,1,0,1,1,1,1,0,70,0,0,1,0,0,1,0,0,1,1,40,0
1DS19CS437,1,1,1,1,0,1,0,0,1,0,60,1,1,1,1,0,1,1,0,0,1,70,1,1,0,1,1,1,0,1,0,1,70,1
1DS19CS438,0,1,0,1,1,1,0,0,0,1,50,0,1,1,1,1,0,1,1,1,1,80,0,0,1,1,0,0,1,1,1,1,60,0
1DS19CS439,1,1,1,0,1,1,1,0,1,1,80,0,1,1,0,1,1,1,1,1,1,80,1,1,0,1,1,1,1,0,1,1,80,1
1DS19CS440,0,1,1,1,0,1,0,1,1,1,70,1,1,1,1,1,0,1,1,0,1,80,1,1,1,1,0,1,1,0,1,1,80,1
1DS19CS441,0,0,0,0,1,1,1,1,0,1,50,0,1,0,0,1,1,1,1,1,1,70,1,1,1,1,0,1,1,0,0,1,70,0
1DS19CS442,1,1,0,0,1,1,0,1,0,0,50,1,0,1,0,1,1,1,0,1,1,70,1,0,1,1,1,1,1,1,1,0,80,0
1DS19CS443,1,1,1,1,1,1,1,0,0,0,70,1,1,0,1,1,0,1,0,0,0,50,0,0,0,1,1,1,1,1,0,1,60,1
1DS19CS444,1,0,1,0,1,1,0,1,1,0,60,0,1,1,0,1,0,1,0,1,0,50,1,1,1,0,0,1,1,0,1,1,70,1
1DS19CS445,1,0,1,1,1,0,1,1,0,1,70,1,0,0,0,0,1,0,1,1,1,50,1,1,0,1,1,1,1,1,1,0,80,0
1DS19CS446,0,0,0,0,0,0,1,1,0,1,30,1,1,1,1,1,1,1,1,1,1,100,0,0,1,1,1,0,0,0,1,1,50,1
1DS19CS447,1,0,1,1,1,1,0,0,0,0,50,0,0,1,1,1,1,1,0,1,1,70,1,1,0,0,0,0,1,0,1,1,50,0
1DS19CS448,1,0,0,0,1,1,0,0,1,1,50,0,0,1,1,1,1,1,0,0,1,60,0,1,0,1,1,0,0,1,1,1,60,1
1DS19CS449,0,1,1,1,0,1,0,1,1,1,70,0,0,0,1,0,1,0,1,0,1,40,1,1,0,1,1,1,1,1,1,0,80,1
1DS19CS450,0,1,1,1,1,0,1,1,1,0,70,1,0,1,1,0,1,1,0,1,0,60,1,0,1,1,1,0,1,0,1,1,70,1
1DS19CS451,0,1,1,1,1,0,1,1,1,1,80,0,0,0,1,1,1,1,1,0,0,50,1,0,1,1,0,1,0,0,1,1,60,0
1DS19CS452,1,1,1,1,1,1,1,0,0,1,80,1,0,0,0,1,0,1,1,0,1,50,1,0,1,1,0,1,1,0,0,1,60,1
1DS19CS453,1,0,1,0,1,1,0,1,1,0,60,1,1,0,0,0,1,1,1,0,1,60,1,0,1,1,1,1,1,1,1,1,90,1
1DS19CS454,0,1,0,1,0,1,0,1,1,1,60,0,0,1,0,1,1,1,0,1,1,60,0,1,1,0,0,1,0,1,1,1,60,0
1DS19CS455,1,1,0,0,0,1,1,1,0,1,60,1,1,1,1,1,1,1,1,0,0,80,1,1,0,1,1,1,0,1,1,1,80,0
1DS19CS456,0,0,1,0,1,1,1,0,0,1,50,1,0,1,1,1,0,1,0,1,1,70,0,1,1,1,0,1,0,0,0,1,50,0
1DS19CS457,1,1,1,0,1,1,1,1,1,0,80,0,0,1,1,0,1,1,0,1,1,60,1,1,1,1,1,0,1,1,1,1,90,0
1DS19CS458,1,0,0,0,1,1,1,1,1,0,60,1,1,0,0,1,1,1,1,0,1,70,1,0,1,1,1,1,1,0,1,1,80,1
1DS19CS459,1,0,0,0,1,0,1,1,1,1,60,1,0,0,1,0,1,0,1,1,1,60,1,1,1,0,0,1,1,0,1,1,70,1
1DS19CS460,1,1,0,1,0,0,1,1,1,1,70,1,0,0,1,1,1,1,0,1,1,70,0,1,1,1,1,1,1,0,1,1,80,1
1DS19CS461,0,1,1,1,0,1,0,1,0,0,50,0,0,1,1,1,1,1,1,0,1,70,0,0,0,1,0,1,1,1,1,1,60,1
1DS19CS462,1,1,1,1,1,0,1,0,1,0,70,0,1,1,0,0,1,1,0,1,1,60,1,1,0,0,1,1,0,1,1,1,70,0
1DS19CS463,0,0,1,0,1,1,1,0,1,1,60,0,1,1,1,1,1,1,1,1,1,90,0,1,1,0,1,0,1,1,1,1,70,1
1DS19CS464,0,1,1,1,1,1,1,0,0,1,70,1,1,1,1,0,1,1,1,1,0,80,0,1,1,1,1,1,1,1,1,0,80,1
1DS19CS465,1,1,1,1,1,0,0,0,0,0,50,0,1,1,1,1,1,1,1,1,0,80,1,0,0,0,1,1,0,0,0,1,40,0
1DS19CS466,0,0,0,0,1,0,0,1,1,0,30,1,1,0,0,1,1,1,1,1,1,80,0,1,0,0,1,1,0,1,1,0,50,1
1DS19CS467,1,0,1,1,1,1,0,1,0,1,70,1,1,0,1,1,0,1,0,0,1,60,1,1,1,1,1,0,1,0,0,0,60,1
1DS19CS468,1,0,0,1,1,1,1,1,0,1,70,0,1,0,1,0,0,1,0,1,0,40,0,0,1,1,1,0,1,0,0,0,40,1
1DS19CS469,1,0,0,0,1,1,0,0,1,1,50,0,0,1,1,1,1,1,0,1,0,60,0,1,1,1,0,0,1,1,1,1,70,0
1DS19CS470,0,1,0,1,1,1,1,1,1,1,80,1,1,0,1,1,1,1,1,1,1,90,1,1,1,0,1,0,0,0,1,1,60,1
1DS19CS471,1,1,1,1,1,1,1,0,0,1,80,1,1,1,0,0,1,1,0,1,0,60,1,0,1,0,1,0,1,1,1,1,70,0
1DS19CS472,0,0,1,1,1,0,1,0,0,1,50,1,0,0,0,0,1,1,1,0,1,50,1,1,1,1,1,1,0,1,0,1,80,1
1DS19CS473,0,0,0,0,0,1,0,1,0,0,20,1,1,1,0,1,0,1,1,1,1,80,1,0,1,1,0,1,0,1,0,0,50,1
1DS19CS474,1,1,0,1,1,0,1,0,1,0,60,1,0,0,0,1,1,0,1,1,0,50,0,1,0,0,0,0,0,0,1,1,30,1
1DS19CS475,0,1,0,1,1,1,1,1,1,1,80,0,0,1,1,0,0,1,1,0,0,40,1,1,1,0,1,1,1,1,0,1,80,1
1DS19CS476,1,1,1,1,0,0,0,1,1,0,60,1,1,0,0,1,1,1,0,1,1,70,1,0,1,0,1,0,0,0,1,1,50,1
1DS19CS477,1,0,1,1,1,1,0,1,1,1,80,0,0,1,1,0,0,1,0,0,1,40,0,1,1,1,1,1,1,1,0,1,80,0
1DS19CS478,1,1,0,1,1,0,1,0,1,0,60,0,0,1,1,1,1,1,0,0,1,60,1,1,0,1,1,0,1,0,1,1,70,1
1DS19CS479,1,1,1,1,1,1,1,0,0,0,70,1,1,1,1,1,1,0,1,1,0,80,1,1,0,0,0,0,0,0,0,1,30,1
1DS19CS480,1,0,0,0,1,0,0,1,0,1,40,1,1,1,1,0,1,1,0,0,0,60,1,1,1,1,1,1,0,1,0,1,80,1
1DS19CS481,1,0,1,1,1,1,1,1,1,0,80,1,1,0,1,1,1,1,1,1,1,90,0,1,1,1,1,1,0,0,1,1,70,0
1DS19CS482,0,1,0,0,1,1,1,1,1,1,70,0,1,1,0,0,1,0,0,1,0,40,0,1,1,1,0,1,1,0,1,1,70,1
1DS19CS483,1,0,1,0,1,1,1,1,1,0,70,0,1,1,1,1,0,1,0,1,1,70,1,1,1,0,1,0,0,0,1,1,60,0
1DS19CS484,0,0,1,0,1,0,1,1,0,1,50,0,0,1,0,1,1,1,1,1,1,70,1,1,1,1,1,0,0,0,1,1,70,0
1DS19CS485,1,1,1,1,0,1,0,0,1,1,70,1,1,1,0,1,0,0,0,1,1,60,0,1,0,0,0,1,1,0,1,1,50,1
1DS19CS486,1,0,0,1,0,1,0,0,0,1,40,1,0,1,1,0,1,0,1,1,1,70,0,1,1,1,1,0,1,0,1,1,70,0
1DS19CS487,1,1,0,0,1,1,1,1,0,0,60,0,1,1,1,1,0,1,1,0,0,60,1,1,0,1,0,0,0,1,1,0,50,1
1DS19CS488,0,0,0,1,1,1,1,0,1,0,50,0,0,1,1,0,1,1,0,1,1,60,0,0,1,0,1,1,0,0,0,1,40,1
1DS19CS489,0,1,0,1,0,1,1,0,1,1,60,1,0,0,1,1,1,1,1,1,1,80,0,1,1,0,1,1,0,1,1,0,60,0
1DS19CS490,1,0,1,0,0,1,1,1,1,0,60,1,0,0,1,1,0,1,1,1,0,60,1,1,1,1,1,1,1,1,1,1,100,1
1DS19CS491,0,1,1,0,1,1,1,1,1,1,80,1,1,0,0,0,1,1,0,1,1,60,1,0,0,1,0,1,1,1,1,1,70,1
1DS19CS492,1,0,1,1,1,1,0,1,1,0,70,1,1,0,0,1,1,0,0,0,1,50,1,0,1,1,0,1,0,0,1,1,60,1
1DS19CS493,1,0,1,0,1,1,0,0,1,0,50,0,0,1,0,0,1,1,1,1,0,50,1,0,0,0,1,0,0,0,1,1,40,0
1DS19CS494,1,1,1,1,0,1,0,0,0,1,60,0,1,0,0,0,1,0,1,0,1,40,0,0,1,1,0,1,1,1,1,0,60,1
1DS19CS495,1,1,1,1,1,0,1,0,0,0,60,0,0,0,1,1,1,1,0,1,1,60,1,1,0,1,1,0,1,0,0,1,60,1
1DS19CS496,1,1,1,1,1,0,1,1,0,1,80,0,1,1,1,1,1,1,1,1,0,80,1,0,0,1,0,1,0,1,1,0,50,0
1DS19CS497,0,1,1,0,1,1,1,1,1,1,80,0,1,1,1,1,1,1,0,1,0,70,1,1,1,1,1,1,1,0,0,1,80,0
1DS19CS498,0,0,1,1,0,0,1,1,1,0,50,1,0,1,1,1,0,1,0,1,0,60,0,1,0,1,1,1,0,1,1,1,70,1
1DS19CS499,1,1,0,1,0,0,0,0,0,0,30,0,1,1,0,1,1,1,0,0,1,60,1,1,1,1,1,1,1,1,1,1,100,1
1DS19CS500,1,0,1,0,0,1,1,1,1,1,70,0,1,1,1,1,0,1,0,1,1,70,1,1,1,1,1,0,1,1,1,0,80,1
1DS19CS501,1,1,1,0,1,0,1,0,1,1,70,0,1,0,0,1,1,1,1,1,1,70,0,1,1,1,0,1,1,0,1,1,70,1
1DS19CS502,1,0,1,1,0,1,1,1,1,0,70,1,0,0,1,0,0,0,1,1,1,50,1,1,0,1,1,1,0,0,0,0,50,0
1DS19CS503,1,1,0,0,0,1,0,0,1,1,50,1,1,0,0,1,1,0,1,0,0,50,0,1,1,0,0,1,1,1,1,1,70,1
1DS19CS504,1,1,0,0,1,0,1,1,1,0,60,1,1,0,1,0,1,1,1,1,0,70,1,0,1,1,0,0,1,1,1,1,70,1
1DS19CS505,0,1,1,1,0,1,1,1,1,1,80,1,0,0,1,1,0,1,0,0,1,50,1,1,0,0,1,1,0,1,1,0,60,1
1DS19CS506,1,0,1,1,1,1,1,1,1,0,80,1,1,0,1,1,1,1,1,1,1,90,0,1,0,1,0,0,1,1,1,0,50,0
1DS19CS507,1,1,0,0,0,0,1,1,0,1,50,1,0,1,1,0,0,1,0,1,0,50,0,1,1,1,1,0,1,0,1,1,70,1
1DS19CS508,1,1,1,1,1,0,0,1,0,0,60,0,0,1,1,0,1,1,0,1,0,50,0,1,1,0,1,0,1,1,0,0,50,1
1DS19CS509,1,1,0,0,0,1,0,0,1,1,50,0,0,1,0,1,0,1,1,1,1,60,1,0,0,0,1,0,1,0,1,1,50,1
1DS19CS510,1,1,1,1,1,0,0,1,1,0,70,0,1,1,1,1,1,1,0,1,1,80,1,1,1,0,1,0,1,1,1,1,80,0
1DS19CS511,0,0,0,1,1,1,0,1,1,1,60,1,1,0,1,1,1,1,0,1,0,70,1,1,1,1,0,1,1,1,1,1,90,1
1DS19CS512,1,1,1,0,0,0,0,0,0,1,40,0,1,0,0,0,1,1,1,1,1,60,0,0,1,0,1,1,1,1,1,1,70,1
1DS19CS513,1,1,0,0,1,1,1,1,1,1,80,0,1,1,1,0,1,1,1,0,1,70,0,0,1,1,1,1,0,1,1,0,60,1
1DS19CS514,1,1,1,0,0,1,1,1,0,1,70,1,0,1,1,1,1,1,1,1,0,80,1,0,1,1,1,0,1,1,1,1,80,0
1DS19CS515,1,1,0,1,0,1,1,1,0,0,60,0,0,1,1,1,1,0,1,0,1,60,0,1,1,1,1,1,0,1,1,1,80,1
1DS19CS516,1,1,1,1,1,1,1,1,0,1,90,1,1,0,0,0,0,0,1,0,1,40,1,1,1,1,0,1,0,1,1,0,70,0
1DS19CS517,0,0,1,0,0,1,1,1,1,0,50,1,0,1,0,0,1,1,1,1,1,70,1,1,1,1,1,1,1,1,1,1,100,1
1DS19CS518,1,1,1,0,0,1,0,1,0,1,60,1,0,1,1,1,0,0,1,1,1,70,0,1,1,0,1,0,0,0,0,1,40,1
1DS19CS519,0,1,1,0,1,0,0,1,0,0,40,1,0,0,1,1,1,0,1,1,1,70,0,1,1,1,1,1,1,1,1,0,80,1
1DS19CS520,1,1,0,1,0,1,1,1,0,1,70,1,0,1,1,1,0,1,1,1,0,70,0,0,1,1,0,0,1,1,0,1,50,0
1DS19CS521,1,1,1,1,1,0,0,0,1,1,70,0,1,1,0,1,1,0,1,0,0,50,1,0,1,1,1,1,1,1,1,0,80,1
1DS19CS522,0,1,0,1,1,1,0,1,1,1,70,1,1,1,1,0,0,1,1,1,0,70,1,0,0,0,1,1,1,1,0,1,60,1
1DS19CS523,1,0,1,0,0,0,1,1,0,1,50,1,0,1,1,1,1,1,1,1,1,90,1,1,1,1,0,1,1,1,1,1,90,0
1DS19CS524,1,0,0,1,1,1,1,1,0,1,70,1,0,0,1,1,0,1,1,0,0,50,1,0,1,1,1,1,0,0,1,1,70,1
1DS19CS525,1,1,1,1,1,1,0,0,1,0,70,0,1,1,1,1,1,1,0,1,0,70,0,1,0,0,1,0,1,0,0,0,30,0
1DS19CS526,1,1,0,1,0,1,1,0,0,0,50,1,1,1,1,1,1,0,1,0,1,80,0,0,0,1,1,1,1,0,1,1,60,1
1DS19CS527,0,1,1,0,0,0,1,0,1,1,50,1,0,0,0,1,1,0,0,1,1,50,0,0,1,0,1,1,1,0,1,1,60,0
1DS19CS528,1,1,1,1,1,0,1,1,1,1,90,1,1,1,0,1,1,0,1,1,1,80,1,0,0,1,1,0,1,0,0,0,40,1
1DS19CS529,1,1,0,1,1,1,1,1,1,0,80,1,1,0,1,0,1,0,1,1,1,70,0,1,1,1,0,1,1,0,1,0,60,1
1DS19CS530,1,0,1,0,1,1,1,0,1,0,60,1,1,1,1,0,1,0,1,1,0,70,1,0,1,1,1,1,0,1,1,1,80,0
1DS19CS531,0,0,1,1,1,0,0,0,0,0,30,0,0,1,0,0,0,1,1,1,1,50,0,0,1,1,0,1,1,0,0,0,40,1
1DS19CS532,1,0,1,0,1,1,0,0,1,1,60,1,1,0,1,1,1,1,1,1,0,80,1,1,1,0,0,1,1,1,1,1,80,0
1DS19CS533,1,1,1,0,0,0,0,1,0,0,40,1,1,1,0,0,0,0,0,1,0,40,0,1,1,1,0,0,1,1,1,1,70,1
1DS19CS534,1,1,1,1,1,0,0,1,0,1,70,0,1,1,1,1,1,0,0,0,1,60,1,1,1,1,0,1,0,1,0,0,60,0
1DS19CS535,1,1,1,1,0,0,1,0,0,1,60,1,1,0,0,1,1,1,1,1,1,80,1,1,1,1,1,1,0,0,1,0,70,1
1DS19CS536,0,1,1,0,1,1,0,1,0,0,50,0,0,1,1,1,1,1,1,1,0,70,0,1,0,1,0,0,1,0,1,0,40,1
1DS19CS537,1,1,1,1,1,1,0,0,0,1,70,0,1,1,1,1,0,0,1,1,0,60,1,0,1,0,1,0,1,0,0,1,50,1
1DS19CS538,0,1,1,0,1,1,1,1,1,1,80,1,0,1,1,0,1,1,0,0,1,60,1,1,1,0,0,1,1,1,1,0,70,1
1DS19CS539,1,0,1,1,1,1,0,0,1,0,60,1,1,1,1,1,1,1,0,1,1,90,0,0,1,1,0,1,0,1,1,1,60,1
1DS19CS540,1,0,1,1,1,0,1,0,1,0,60,1,1,1,0,1,1,0,1,0,1,70,1,0,0,0,0,1,1,1,1,1,60,1
1DS19CS541,0,0,0,0,1,1,0,1,1,1,50,0,0,1,1,0,1,1,1,0,1,60,0,1,1,1,1,0,0,0,0,1,50,1
1DS19CS542,1,0,1,1,1,1,1,0,1,1,80,0,1,0,1,1,1,0,0,0,0,40,0,1,1,1,1,0,1,0,0,0,50,0
1DS19CS543,0,0,1,1,0,1,0,0,0,0,30,0,0,1,1,1,1,0,1,0,0,50,1,1,1,1,0,0,0,0,1,1,60,0
1DS19CS544,0,1,0,0,1,1,1,1,0,1,60,1,0,1,1,1,1,1,0,1,0,70,0,1,1,0,0,1,1,1,1,1,70,0
1DS19CS545,0,1,1,1,0,1,1,1,1,0,70,0,1,0,1,1,1,1,0,1,1,70,1,0,0,1,1,0,0,0,1,1,50,1
1DS19CS546,0,0,0,1,0,1,1,1,1,0,50,0,0,1,1,1,1,0,1,0,1,60,0,1,1,0,1,1,1,0,1,1,70,1
1DS19CS547,0,1,1,0,0,1,1,0,1,1,60,0,1,1,0,1,1,1,1,1,1,80,1,1,0,1,1,0,0,1,0,0,50,1
1DS19CS548,0,1,1,0,0,1,1,1,0,1,60,1,1,1,1,1,0,0,1,0,1,70,1,0,0,1,1,1,1,0,1,1,70,1
1DS19CS549,1,1,1,0,1,1,1,0,0,1,70,1,0,1,0,1,1,1,1,1,1,80,1,1,1,1,0,1,1,1,1,0,80,1
1DS19CS550,1,1,1,1,0,1,1,1,0,1,80,0,1,0,1,1,0,1,1,1,1,70,0,0,1,0,1,0,1,0,0,1,40,1
1DS19CS551,1,1,0,1,1,0,0,1,1,1,70,1,1,1,1,1,1,1,1,1,0,90,0,0,1,0,0,0,0,0,0,1,20,0
1DS19CS552,0,1,0,1,1,0,0,1,0,1,50,1,1,1,1,0,1,0,0,1,1,70,1,1,0,1,1,1,1,1,0,1,80,1
1DS19CS553,0,1,1,1,0,1,1,0,0,1,60,0,1,1,0,1,1,0,1,0,1,60,1,0,1,1,1,1,0,0,0,0,50,1
1DS19CS554,1,0,1,1,0,0,1,1,1,0,60,1,1,1,1,1,1,0,0,0,0,60,1,1,0,0,1,0,0,1,0,0,40,0
1DS19CS555,1,0,1,1,0,0,1,1,1,1,70,1,1,1,1,0,1,0,0,1,0,60,1,1,1,1,1,1,1,1,0,1,90,1
1DS19CS556,1,0,1,0,0,1,0,0,1,1,50,1,1,1,0,1,0,1,0,0,0,50,0,1,0,0,1,0,1,0,0,0,30,1
1DS19CS557,0,1,1,0,1,1,1,1,1,1,80,0,1,0,0,0,1,1,0,0,1,40,1,0,0,0,1,1,1,0,1,1,60,1
1DS19CS558,1,1,0,0,1,1,1,1,1,0,70,1,0,1,1,1,1,1,0,1,1,80,1,1,1,1,0,1,1,1,1,0,80,1
1DS19CS559,1,1,1,1,1,1,1,1,0,1,90,1,0,0,1,0,0,1,1,0,1,50,1,1,1,1,1,1,1,1,0,1,90,1
1DS19CS560,0,1,1,1,1,0,0,1,1,1,70,1,0,1,1,1,0,1,0,0,1,60,1,1,1,1,1,0,1,0,1,0,70,1
1DS19CS561,1,1,0,1,1,0,1,1,0,0,60,1,1,1,0,0,0,1,0,1,0,50,0,1,0,1,1,1,0,1,1,0,60,1
1DS19CS562,0,0,1,1,1,1,1,1,1,0,70,1,1,1,0,0,1,1,1,1,1,80,1,1,0,0,1,1,1,0,0,0,50,1
1DS19CS563,0,1,1,1,0,0,1,1,0,0,50,0,1,1,0,1,0,1,0,1,1,60,1,1,1,1,0,1,1,1,1,1,90,1
1DS19CS564,1,0,0,1,0,1,0,0,1,0,40,0,1,0,1,0,0,1,1,0,1,50,1,0,1,0,1,1,1,0,1,1,70,1
1DS19CS565,1,0,0,1,1,1,1,1,1,1,80,1,1,1,1,0,1,1,0,1,0,70,0,1,0,0,0,0,1,0,1,0,30,1
1DS19CS566,1,1,0,0,0,1,0,1,0,1,50,0,1,1,1,0,1,0,1,1,1,70,0,1,1,0,0,1,1,0,1,1,60,1
1DS19CS567,1,1,1,0,1,1,0,1,1,1,80,1,0,0,1,1,1,0,1,0,1,60,1,1,1,0,0,1,1,1,0,0,60,1
1DS19CS568,0,1,0,0,1,1,1,0,0,0,40,0,1,0,1,1,1,1,1,1,0,70,1,1,1,1,0,1,0,1,1,0,70,1
1DS19CS569,1,1,1,1,0,1,1,0,1,1,80,0,1,0,1,0,1,1,1,1,0,60,1,0,0,1,1,1,0,1,1,1,70,0
1DS19CS570,1,0,0,1,1,0,0,1,0,0,40,0,1,0,0,1,1,0,0,1,1,50,1,0,1,0,0,1,1,1,1,1,70,1
1DS19CS571,0,0,1,1,0,1,1,0,0,0,40,1,1,0,0,1,1,1,1,1,0,70,1,1,0,1,0,1,0,1,0,0,50,1
1DS19CS572,1,1,0,0,1,1,1,1,0,0,60,1,1,1,0,1,1,0,1,0,1,70,1,1,1,1,0,0,0,1,0,0,50,0
1DS19CS573,0,1,0,1,0,1,1,0,1,1,60,1,1,1,1,1,1,0,1,0,0,70,0,1,1,0,0,1,1,0,1,1,60,0
1DS19CS574,1,0,1,1,0,1,0,1,1,1,70,1,1,1,0,1,1,1,1,1,1,90,1,1,1,0,1,0,0,0,0,0,40,1
1DS19CS575,1,1,1,0,0,0,1,1,0,1,60,1,0,1,0,0,1,1,0,1,1,60,0,1,1,1,0,1,1,1,0,1,70,0
1DS19CS576,0,0,0,1,1,1,1,1,0,1,60,0,1,1,1,0,0,1,0,0,1,50,1,1,0,1,0,1,1,1,0,1,70,1
1DS19CS577,0,1,0,1,1,1,1,1,1,1,80,0,1,0,1,0,1,1,0,1,0,50,1,1,1,0,0,0,0,1,1,0,50,1
1DS19CS578,1,1,0,1,1,1,1,1,0,1,80,1,0,0,1,0,1,1,1,0,1,60,1,1,0,0,1,1,1,1,1,0,70,0
1DS19CS579,0,0,1,1,1,1,1,1,1,1,80,0,0,1,1,1,0,1,1,1,1,70,0,0,1,1,1,1,1,1,1,1,80,0
1DS19CS580,1,1,0,0,0,0,0,0,1,1,40,0,0,1,1,1,0,1,1,0,0,50,1,1,1,1,1,1,1,1,1,0,90,1
1DS19CS581,1,1,0,1,0,1,0,1,1,1,70,1,1,0,1,0,0,1,1,0,0,50,1,1,0,0,0,0,1,1,1,1,60,0
1DS19CS582,0,1,1,0,1,0,1,0,1,0,50,0,0,1,1,1,0,1,0,1,0,50,0,0,0,0,1,0,1,1,0,1,40,0
1DS19CS583,1,1,1,1,0,0,1,0,1,1,70,0,1,1,0,1,0,0,1,1,1,60,1,1,1,0,0,0,1,0,1,1,60,1
1DS19CS584,1,0,1,0,1,1,0,1,0,0,50,0,1,1,1,0,1,1,1,1,1,80,1,1,0,0,1,1,0,0,1,1,60,1
1DS19CS585,1,0,1,1,1,0,0,1,0,1,60,1,0,1,1,1,0,0,1,0,1,60,1,0,1,1,1,1,0,1,0,0,60,1
1DS19CS586,1,1,1,1,1,0,0,1,1,1,80,1,0,1,1,1,0,0,1,0,1,60,0,1,1,1,1,1,1,0,0,0,60,0
1DS19CS587,0,1,1,0,1,1,1,1,0,0,60,1,0,1,1,0,1,1,1,1,1,80,1,1,0,1,1,1,1,0,1,1,80,1
1DS19CS588,1,1,1,1,1,0,0,1,1,1,80,0,1,1,0,0,0,1,1,0,1,50,1,0,0,0,0,0,1,0,0,0,20,1
1DS19CS589,1,1,1,1,1,1,1,1,1,1,100,1,1,1,0,1,1,0,0,1,1,70,0,0,1,0,0,1,1,1,1,1,60,1
1DS19CS590,1,1,1,1,1,1,1,1,1,1,100,1,1,1,0,0,1,1,0,0,1,60,1,1,0,0,0,1,1,1,0,1,60,1
1DS19CS591,0,1,0,1,0,1,1,1,1,1,70,1,1,0,1,0,0,1,1,1,1,70,1,0,0,0,1,1,1,1,1,1,70,0
1DS19CS592,1,1,1,1,1,1,0,0,1,1,80,0,1,1,1,1,0,1,1,0,1,70,0,1,1,1,1,1,1,1,0,1,80,1
1DS19CS593,0,1,1,1,1,1,1,1,1,1,90,1,1,1,1,1,0,1,1,1,1,90,1,1,1,1,1,1,1,0,1,1,90,1
1DS19CS594,1,1,1,1,0,0,1,1,1,1,80,1,1,1,1,0,1,0,1,1,0,70,1,1,1,0,1,0,0,0,1,1,60,1
1DS19CS595,1,1,1,1,1,0,0,1,0,1,70,1,1,1,1,1,1,1,1,0,1,90,0,1,0,0,1,1,1,0,1,1,60,0
1DS19CS596,0,0,1,0,1,1,0,1,1,1,60,1,1,1,1,0,1,1,0,0,1,70,1,1,1,1,1,0,1,1,0,1,80,0
1DS19CS597,1,1,0,1,0,1,1,0,1,1,70,1,1,1,1,1,0,1,0,0,0,60,1,1,1,1,0,1,1,1,1,0,80,1
1DS19CS598,1,1,1,0,1,1,0,0,1,1,70,1,0,0,0,1,0,0,1,0,1,40,1,1,1,0,0,1,1,1,1,1,80,0
1DS19CS599,1,1,1,0,1,1,0,1,1,1,80,1,1,1,0,0,1,1,1,1,1,80,1,0,1,1,1,1,1,1,0,1,80,1
1DS19CS600,1,1,1,1,1,1,1,1,1,0,90,1,1,1,0,1,1,1,1,0,0,70,0,1,1,0,1,1,1,0,1,1,70,0
